亜（亞）	ア	亜流，亜麻，亜熱帯	　
哀	アイ　あわれ　あわれむ	哀愁，哀願，悲哀哀れ，哀れな話，哀れがる哀れむ，哀れみ	　
挨	アイ	挨拶	　
愛	アイ	愛情，愛読，恋愛	愛媛（えひめ）県
曖	アイ	曖昧	　
悪（惡）	アク　オ　わるい	悪事，悪意，醜悪悪寒，好悪，憎悪悪い，悪さ，悪者	　
握	アク　にぎる	握手，握力，掌握握る，握り，一握り	　
圧（壓）	アツ	圧力，圧迫，気圧	　
扱	あつかう	扱う，扱い，客扱い	　
宛	あてる	宛てる，宛先	⇔当てる，充てる
嵐	あらし	嵐，砂嵐	　
安	アン　やすい	安全，安価，不安安い，安らかだ	　
案	アン	案文，案内，新案	　
暗	アン　くらい	暗示，暗愚，明暗暗い，暗がり	　
以	イ	以上，以内，以後	　
衣	イ　ころも	衣服，衣食住，作業衣衣，羽衣	浴衣（ゆかた）
位	イ　くらい	位置，第一位，各位位，位取り，位する	「三位一体」，「従三位」は，「サンミイッタイ」，「ジュサンミ」。
囲（圍）	イ　かこむ　かこう	囲碁，包囲，範囲囲む，囲み囲う，囲い	　
医（醫）	イ	医学，医療，名医	　
依	イ　　エ	依頼，依拠，依然帰依	　
委	イ　ゆだねる	委任，委員，委細委ねる	　
威	イ	威力，威圧，示威	　
為（爲）	イ	為政者，行為，作為	為替（かわせ）
畏	イ　おそれる	畏敬，畏怖畏れる，畏れ	⇔恐れる
胃	イ	胃腸，胃酸，胃弱	　
尉	イ	尉官，一尉，大尉	　
異	イ　こと	異論，異同，奇異異にする，異なる	　
移	イ　うつる　うつす	移転，移民，推移移る，移り変わり移す	　
萎	イ　なえる	萎縮萎える	　
偉	イ　えらい	偉大，偉人，偉観偉い，偉ぶる	　
椅	イ	椅子	　
彙	イ	語彙	＊［（付）第２の３【剝】参照］
意	イ	意見，意味，決意	意気地（いくじ）
違	イ　ちがう　ちがえる	違反，違法，相違違う，違い，間違う違える，見違える，間違える	　
維	イ	維持，維新，繊維	　
慰	イ　なぐさめる　なぐさむ	慰安，慰問，慰労慰める，慰め慰む，慰み	　
遺	イ　　ユイ	遺棄，遺産，遺失遺言	「遺言」は，「イゴン」とも。
緯	イ	緯度，北緯，経緯	　
域	イキ	域内，地域，区域	　
育	イク　そだつ　そだてる　はぐくむ	育児，教育，発育育つ，育ち育てる，育て親育む	　
一	イチ　イツ　ひと　ひとつ	一度，一座，第一一般，同一，統一一息，一筋，一月目一つ	一日（ついたち）一人（ひとり）
壱（壹）	イチ	壱万円	　
逸（逸）	イツ	逸話，逸品，逸する	　
茨	　いばら		茨城県
芋	いも	芋，里芋，焼き芋	　
引	イン　ひく　ひける	引力，引退，索引引く，字引引ける	⇔弾く
印	イン　しるし	印刷，印象，調印印，目印，矢印	　
因	イン　よる	因果，原因，要因因る，……に因る	　
咽	イン	咽喉	　
姻	イン	姻族，婚姻	　
員	イン	満員，定員，社員	　
院	イン	院内，議院，病院	　
淫	イン　みだら	淫行，淫乱淫らだ	＊［（付）第２の３参照］
陰	イン　かげ　かげる	陰気，陰性，光陰陰，日陰陰る，陰り	⇔影
飲	イン　のむ	飲料，飲食，痛飲飲む，飲み水	　
隠（隱）	イン　かくす　かくれる	隠居，隠忍，隠語隠す隠れる，雲隠れ	　
韻	イン	韻律，韻文，音韻	　
右	ウ　ユウ　みぎ	右岸，右折，右派左右，座右右，右手	　
宇	ウ	宇宙，気宇，堂宇	　
羽	ウ　は　　はね	羽毛，羽化，羽翼白羽の矢，一羽（わ），三羽（ば），六羽（ぱ）羽，羽飾り	「羽（は）」は，前に来る音によって「わ」，「ば」，「ぱ」になる。
雨	ウ　あめ　　あま	雨量，降雨，梅雨雨，大雨雨雲，雨戸，雨具	五月雨（さみだれ）時雨（しぐれ）梅雨（つゆ）「春雨」，「小雨」，「霧雨」などは，「はるさめ」，「こさめ」，「きりさめ」。
唄	　うた	小唄，長唄	⇔歌
鬱	ウツ	憂鬱	　
畝	うね	畝，畝間，畝織	　
浦	うら	浦，津々浦々	　
運	ウン　はこぶ	運動，運命，海運運ぶ	　
雲	ウン　くも	雲海，風雲，積乱雲雲，雲隠れ	　
永	エイ　ながい	永続，永久，永遠永い，日永	⇔長い
泳	エイ　およぐ	泳法，水泳，背泳泳ぐ，泳ぎ	　
英	エイ	英雄，英断，俊英	　
映	エイ　うつる　うつす　はえる	映画，上映，反映映る，映り映す映える，夕映え	⇔写る⇔写す⇔栄える
栄（榮）	エイ　さかえる　はえ　はえる	栄枯，栄養，繁栄栄える，栄え栄えある，見栄え，出来栄え栄える	⇔映え⇔映える
営（營）	エイ　いとなむ	営業，経営，陣営営む，営み	　
詠	エイ　よむ	詠嘆，詠草，朗詠詠む	⇔読む
影	エイ　かげ	影響，陰影，撮影影，影絵，人影	⇔陰
鋭	エイ　するどい	鋭利，鋭敏，精鋭鋭い，鋭さ	　
衛（衞）	エイ	衛生，護衛，守衛	　
易	エキ　イ　やさしい	易者，貿易，不易容易，安易，難易易しい，易しさ	　
疫	エキ　　ヤク	疫病，悪疫，防疫疫病神	　
益	エキ　　ヤク	有益，利益，益する御利益	　
液	エキ	液体，液状，血液	　
駅（驛）	エキ	駅長，駅伝，貨物駅	　
悦	エツ	悦楽，喜悦	　
越	エツ　こす　こえる	越境，超越，優越越す，年越し越える，山越え	⇔超す⇔超える
謁（謁）	エツ	謁見，拝謁，謁する	　
閲	エツ	閲覧，閲歴，校閲	　
円（圓）	エン　まるい	円卓，円熟，一円円い，円さ，円み	⇔丸い
延	エン　のびる　のべる　のばす	延長，延期，遅延延びる延べる，延べ延ばす	⇔伸びる⇔伸べる⇔伸ばす
沿	エン　そう	沿海，沿線，沿革沿う，川沿い	⇔添う
炎	エン　ほのお	炎上，炎天，火炎炎	　
怨	エン　オン	怨恨怨念	　
宴	エン	宴会，宴席，酒宴	　
媛	エン	才媛	愛媛（えひめ）県
援	エン	援助，応援，声援	　
園	エン　その	園芸，公園，楽園学びの園，花園	　
煙	エン　けむる　けむり　けむい	煙突，煙霧，喫煙煙る煙煙い，煙たい，煙たがる	　
猿	エン　さる	野猿，類人猿，犬猿の仲猿	　
遠	エン　　オン　とおい	遠近，永遠，敬遠久遠遠い，遠出，遠ざかる	　
鉛	エン　なまり	鉛筆，亜鉛，黒鉛鉛，鉛色	　
塩（鹽）	エン　しお	塩分，塩酸，食塩塩，塩辛い	　
演	エン	演技，演奏，講演	　
縁（緣）	エン　ふち	縁故，縁日，血縁縁，縁取り，額縁	「因縁」は，「インネン」。
艶（艷）	エン　つや	妖艶艶，色艶	　
汚	オ　けがす　けがれる　けがらわしい　よごす　よごれる　きたない	汚点，汚物，汚名汚す汚れる，汚れ汚らわしい汚す，口汚し汚れる，汚れ，汚れ物汚い，汚らしい	　
王	オウ	王子，帝王	「親王」，「勤王」などは，「シンノウ」，「キンノウ」。
凹	オウ	凹凸，凹面鏡，凹レンズ	凸凹（でこぼこ）
央	オウ	中央	　
応（應）	オウ　　こたえる	応答，応用，呼応応える	「反応」，「順応」などは，「ハンノウ」，「ジュンノウ」。⇔答える
往	オウ	往復，往来，既往症	　
押	オウ　おす　おさえる	押収，押印，押韻押す，押し押さえる，押さえ	⇔推す⇔抑える
旺	オウ	旺盛	　
欧（歐）	オウ	欧文，西欧，渡欧	　
殴（毆）	オウ　なぐる	殴打殴る	　
桜（櫻）	オウ　さくら	桜花，観桜桜，桜色，葉桜	　
翁	オウ	老翁	　
奥（奧）	オウ　おく	奥義，深奥奥，奥底，奥さん	「奥義」は，「おくギ」とも。 
横（橫）	オウ　よこ	横断，横領，専横横，横顔，横たわる	　
岡	　おか		岡山県，静岡県，福岡県
屋	オク　や	屋上，屋外，家屋屋根，花屋，楽屋	母屋（おもや）部屋（へや）⇔家
億	オク	億万，一億	　
憶	オク	記憶，追憶	　
臆	オク	臆説，臆測，臆病	「臆説」，「臆測」は，「憶説」，「憶測」とも書く。
虞	おそれ	虞	　
乙	オツ	乙種，甲乙	乙女（おとめ）
俺	おれ	俺	　
卸	おろす　おろし	卸す卸，卸商	⇔下ろす，降ろす
音	オン　イン　おと　ね	音楽，発音，騒音福音，母音音，物音音，音色	「観音」は，「カンノン」。
恩	オン	恩情，恩人，謝恩	　
温（溫）	オン　あたたか　あたたかい　あたたまる　あたためる	温暖，温厚，気温温かだ温かい温まる温める	⇔暖か⇔暖かい⇔暖まる⇔暖める
穏（穩）	オン　おだやか	穏和，穏当，平穏穏やかだ	「安穏」は，「アンノン」。
下	カ　ゲ　した　しも　もと　さげる　さがる　くだる　くだす　くださる　おろす　おりる	下流，下降，落下下水，下車，上下下，下見下，川下下，足下下げる下がる下る，下り下す下さる下ろす，書き下ろす下りる	下手（へた）⇔元，本，基⇔提げる⇔卸す，降ろす⇔降りる
化	カ　ケ　ばける　ばかす	化石，化学，文化化粧，化身，権化化ける，お化け化かす	　
火	カ　ひ　　ほ	火災，灯火，発火火，火花，炭火火影	⇔灯
加	カ　くわえる　くわわる	加入，加減，追加加える加わる	　
可	カ	可否，可能，許可	　
仮（假）	カ　　ケ　かり	仮面，仮定，仮装仮病仮の住まい，仮に，仮処分	仮名（かな）
何	カ　なに　　なん	幾何学何，何者，何事何本，何十，何点	　
花	カ　はな	花弁，花壇，落花花，花火，草花	⇔華
佳	カ	佳作，佳人，絶佳	　
価（價）	カ　あたい	価値，価格，評価価	⇔値
果	カ　はたす　はてる　はて	果実，果断，結果果たす，果たして〔副〕果てる果て	果物（くだもの）
河	カ　　かわ	河川，河口，運河河	河岸（かし）河原（かわら）⇔川
苛	カ	苛酷，苛烈	　
科	カ	科学，教科，罪科	　
架	カ　かける　かかる	架橋，架空，書架架ける架かる	⇔掛ける，懸ける，賭ける⇔掛かる，懸かる
夏	カ　　ゲ　なつ	夏季，初夏，盛夏夏至夏，夏服，真夏	　
家	カ　ケ　いえ　や 	家屋，家庭，作家家来，本家，分家家，家柄，家元家主，借家 	母家（おもや）⇔屋
荷	カ　に	出荷，入荷荷，荷物，初荷	　
華	カ　　ケ　はな	華美，繁華，栄華香華，散華華やかだ，華やぐ，華々しい	⇔花
菓	カ	菓子，製菓，茶菓	　
貨	カ	貨物，貨幣，通貨	　
渦	カ　うず	渦中渦，渦潮，渦巻く	　
過	カ　すぎる　すごす　あやまつ　あやまち	過度，過失，通過過ぎる，昼過ぎ過ごす過つ過ち	　
嫁	カ　よめ　とつぐ	再嫁，転嫁，嫁する嫁，花嫁嫁ぐ，嫁ぎ先	　
暇	カ　ひま	余暇，休暇，寸暇暇，暇な時	　
禍（禍）	カ	禍福，禍根，災禍	　
靴	カ　くつ	製靴靴，靴下，革靴	　
寡	カ	寡黙，寡婦，多寡	　
歌	カ　うた　うたう	歌曲，唱歌，短歌歌歌う	⇔唄⇔謡う
箇	カ	箇条，箇所	　
稼	カ　かせぐ	稼業，稼働稼ぐ，稼ぎ	　
課	カ	課，日課，課する	　
蚊	か	蚊，蚊柱，やぶ蚊	蚊帳（かや）
牙	ガ　　ゲ　きば	牙城，歯牙象牙牙	　
瓦	ガ　かわら	瓦解瓦，瓦屋根	　
我	ガ　われ　わ	我流，彼我，自我我，我々，我ら我が国	　
画（畫）	ガ　カク	画家，図画，映画画期的，計画，区画	　
芽	ガ　め	発芽，麦芽，肉芽芽，芽生える，新芽	　
賀	ガ	賀状，祝賀，賀する	　
雅	ガ	雅趣，優雅，風雅	　
餓	ガ	餓死，餓鬼，飢餓	　
介	カイ	介入，紹介，介する	　
回	カイ　　エ　まわる　まわす	回答，転回，次回回向回る，回り，回り道回す，手回し	⇔周り
灰	カイ　はい	灰白色，石灰灰，灰色，火山灰	　
会（會）	カイ　エ　あう	会話，会計，社会会釈，会得，法会会う	⇔合う，遭う
快	カイ　こころよい	快活，快晴，明快快い	　
戒	カイ　いましめる	戒心，戒律，警戒戒める，戒め	　
改	カイ　あらためる　あらたまる	改造，改革，更改改める，改めて〔副〕改まる	　
怪	カイ　あやしい　あやしむ	怪談，怪物，奇怪怪しい，怪しげだ怪しむ	⇔妖しい
拐	カイ	拐帯，誘拐	　
悔（悔）	カイ　くいる　くやむ　くやしい	悔恨，後悔悔いる，悔い悔やむ，お悔やみ悔しい，悔しがる	　
海（海）	カイ　うみ	海岸，海水浴，航海海，海鳴り	海女・海士（あま）海原（うなばら）
界	カイ	境界，限界，世界	　
皆	カイ　みな	皆無，皆勤，皆出席皆，皆さん	　
械	カイ	機械	　
絵（繪）	カイ　エ	絵画絵本，絵図，口絵	　
開	カイ　ひらく　ひらける　あく　あける	開始，開拓，展開開く，川開き開ける開く開ける，開けたて	⇔空く，明く⇔空ける，明ける
階	カイ	階段，階級，地階	　
塊	カイ　かたまり	塊状，山塊塊	　
楷	カイ	楷書	　
解	カイ　ゲ　とく　とかす　とける	解決，解禁，理解解脱，解熱剤，解毒剤解く解かす解ける	⇔溶く⇔溶かす⇔溶ける
潰	カイ　つぶす　つぶれる	潰瘍潰す潰れる	　
壊（壞）	カイ　こわす　こわれる	壊滅，破壊，決壊壊す壊れる	　
懐（懷）	カイ　ふところ　なつかしい　なつかしむ　なつく　なつける	懐中，懐古，述懐懐，懐手，内懐懐かしい懐かしむ懐く懐ける	　
諧	カイ	俳諧	　
貝	かい	貝，貝細工，ほら貝	　
外	ガイ　ゲ　そと　ほか　はずす　はずれる	外出，海外，除外外科，外題，外道外，外囲い外，その外外す，踏み外す外れる，町外れ	⇔他
劾	ガイ	弾劾	　
害	ガイ	害悪，被害，損害	　
崖	ガイ　がけ	断崖崖下	　
涯	ガイ	生涯	　
街	ガイ　　カイ　まち	街頭，市街，商店街街道街，街角	⇔町
慨（慨）	ガイ	慨嘆，憤慨，感慨	　
蓋	ガイ　ふた	頭蓋骨蓋，火蓋	　
該	ガイ	該当，該博，当該	　
概（槪）	ガイ	概念，大概，概して	　
骸	ガイ	形骸化，死骸	　
垣	かき	垣，垣根	　
柿	かき	柿	　
各	カク　おのおの	各自，各種，各位各	「各々」とも書く。
角	カク　かど　つの	角度，三角，頭角角，街角，四つ角角，角笛	　
拡（擴）	カク	拡大，拡張，拡声器	　
革	カク　かわ	革新，改革，皮革革，革靴	⇔皮
格	カク　　コウ	格式，規格，性格格子	　
核	カク	核心，核反応，結核	　
殻（殼）	カク　から	甲殻，地殻殻，貝殻	　
郭	カク	城郭，外郭，輪郭	　
覚（覺）	カク　おぼえる　さます　さめる	覚悟，知覚，発覚覚える，覚え覚ます，目覚まし覚める，目覚め	　
較	カク	比較	　
隔	カク　へだてる　へだたる	隔離，隔月，間隔隔てる，隔て隔たる，隔たり	　
閣	カク	閣議，閣僚，内閣	　
確	カク　たしか　たしかめる	確定，確認，正確確かだ，確かさ確かめる	　
獲	カク　える	獲得，捕獲，漁獲高獲る，獲物	⇔得る
嚇	カク	威嚇	　
穫	カク	収穫	　
学（學）	ガク　まなぶ	学習，科学，大学学ぶ	　
岳（嶽）	ガク　たけ	岳父，山岳○○岳	　
楽（樂）	ガク　ラク　たのしい　たのしむ	楽隊，楽器，音楽楽園，快楽，娯楽楽しい，楽しさ，楽しげだ楽しむ	神楽（かぐら）
額	ガク　ひたい	額縁，金額，前額部額	　
顎	ガク　あご	顎関節顎	　
掛	かける　かかる　かかり	掛ける掛かる掛	⇔懸ける，架ける，賭ける⇔係る，懸かる，架かる⇔係
潟	かた	干潟，○○潟	　
括	カツ	括弧，一括，包括	　
活	カツ	活動，活力，生活	　
喝（喝）	カツ	喝破，一喝，恐喝	　
渇（渴）	カツ　かわく	渇望，渇水渇く，渇き	⇔乾く
割	カツ　わる　わり　われる　さく	割愛，割拠，分割割る割がいい，割合，割に，五割割れる，ひび割れ割く	⇔裂く
葛	カツ　くず	葛藤葛，葛湯	＊［（付）第２の３参照］
滑	カツ　コツ　すべる　なめらか	滑走，滑降，円滑滑稽滑る，滑り滑らかだ	　
褐（褐）	カツ	褐色，茶褐色	　
轄	カツ	管轄，所轄，直轄	　
且	かつ	且つ	　
株	かぶ	株，株式	　
釜	かま	釜	　
鎌	かま	鎌，鎌倉時代	　
刈	かる	刈る，刈り入れ	　
干	カン　ほす　ひる	干渉，干潮，若干干す，干し物干上がる，干物，潮干狩り	　
刊	カン	刊行，発刊，週刊	　
甘	カン　あまい　あまえる　あまやかす	甘言，甘受，甘味料甘い，甘み甘える甘やかす	　
汗	カン　あせ	汗顔，発汗汗，汗ばむ	　
缶（罐）	カン	缶，缶詰，製缶	　
完	カン	完全，完成，未完	　
肝	カン　きも	肝臓，肝胆，肝要肝，肝っ玉	　
官	カン	官庁，官能，教官	　
冠	カン　かんむり	冠詞，王冠，栄冠冠	　
巻（卷）	カン　まく　まき	巻頭，圧巻，一巻巻く，巻き貝巻の一	　
看	カン	看護，看破，看板	　
陥（陷）	カン　おちいる　おとしいれる	陥落，陥没，欠陥陥る陥れる	　
乾	カン　かわく　かわかす	乾燥，乾杯，乾電池乾く乾かす	⇔渇く
勘	カン	勘弁，勘当	　
患	カン　わずらう	患者，疾患患う，長患い	⇔煩う
貫	カン　つらぬく	貫通，縦貫，尺貫法貫く	　
寒	カン　さむい	寒暑，寒村，厳寒寒い，寒がる，寒空	　
喚	カン	喚問，召喚，叫喚	　
堪	カン　たえる	堪忍，堪能堪える	「堪能」は，「タンノウ」とも。⇔耐える
換	カン　かえる　かわる	換気，換算，交換換える換わる	⇔代える，替える，変える⇔代わる，替わる，変わる
敢	カン	敢然，果敢，勇敢	　
棺	カン	棺おけ，石棺，出棺	　
款	カン	定款，借款，落款	　
間	カン　ケン　あいだ　ま	間隔，中間，時間世間，人間間，間柄間，間違う，客間	　
閑	カン	閑静，閑却，繁閑	　
勧（勸）	カン　すすめる	勧誘，勧奨，勧告勧める，勧め	⇔進める，薦める
寛（寬）	カン	寛大，寛容，寛厳	　
幹	カン　みき	幹線，幹事，根幹幹	　
感	カン	感心，感覚，直感	　
漢（漢）	カン	漢字，漢語，門外漢	　
慣	カン　なれる　ならす	慣例，慣性，習慣慣れる，慣れ慣らす	　
管	カン　くだ	管理，管制，鉄管管	　
関（關）	カン　せき　かかわる	関節，関係，関する関，関取，関の山関わる，関わり	　
歓（歡）	カン	歓迎，歓声，交歓	　
監	カン	監視，監督，総監	　
緩	カン　ゆるい　ゆるやか　ゆるむ　ゆるめる	緩和，緩慢，緩急緩い緩やかだ緩む，緩み緩める	　
憾	カン	遺憾	　
還	カン	還元，生還，返還	　
館	カン　やかた	館内，旅館，図書館館	　
環	カン	環状，環境，循環	　
簡	カン	簡単，簡易，書簡	　
観（觀）	カン	観察，客観，壮観	　
韓	カン	韓国	　
艦	カン	艦船，艦隊，軍艦	　
鑑	カン　かんがみる	鑑賞，鑑定，年鑑鑑みる	　
丸	ガン　まる　まるい　まるめる	丸薬，弾丸，砲丸丸，丸太，丸洗い丸い，丸み，丸さ丸める	⇔円い
含	ガン　ふくむ　ふくめる	含有，含蓄，包含含む，含み含める	　
岸	ガン　きし	岸壁，対岸，彼岸岸，向こう岸	河岸（かし）
岩	ガン　いわ	岩石，岩塩，火成岩岩，岩場	　
玩	ガン	玩具，愛玩	　
眼	ガン　　ゲン　まなこ	眼球，眼力，主眼開眼眼，どんぐり眼，血眼	眼鏡（めがね）
頑	ガン	頑強，頑健，頑固	　
顔	ガン　かお	顔面，童顔，厚顔顔，横顔，したり顔	笑顔（えがお）
願	ガン　ねがう	願望，祈願，志願願う，願い，願わしい	　
企	キ　くわだてる	企画，企図，企業企てる，企て	　
伎	キ	歌舞伎	　
危	キ　あぶない　あやうい　あやぶむ	危険，危害，安危危ない，危ながる危うい，危うく危ぶむ	　
机	キ　つくえ	机上，机辺机	　
気（氣）	キ　ケ	気体，気候，元気気配，気色ばむ，火の気	意気地（いくじ）浮気（うわき）
岐	キ	岐路，分岐，多岐	岐阜（ぎふ）県
希	キ	希望，希少，希薄	　
忌	キ　いむ　いまわしい	忌避，忌中，禁忌忌む忌まわしい	　
汽	キ	汽車，汽船，汽笛	　
奇	キ	奇襲，奇数，珍奇	数奇屋（すきや）
祈（祈）	キ　いのる	祈願，祈念祈る，祈り	　
季	キ	季節，四季，雨季	　
紀	キ	紀行，紀元，風紀	　
軌	キ	軌道，広軌，常軌	　
既（既）	キ　すでに	既成，既婚，既往症既に	　
記	キ　しるす	記入，記号，伝記記す	　
起	キ　おきる　おこる　おこす	起立，起源，奮起起きる，早起き起こる起こす	⇔興る⇔興す
飢	キ　うえる	飢餓飢える，飢え	　
鬼	キ　おに	鬼神，鬼才，餓鬼鬼，鬼ごっこ，赤鬼	　
帰（歸）	キ　かえる　かえす	帰還，帰納，復帰帰る，帰り帰す	⇔返る⇔返す
基	キ　もと　もとい	基礎，基準，基地基，基づく基	⇔下，元，本
寄	キ　よる　よせる	寄宿，寄贈，寄港寄る，近寄る，身寄り寄せる，人寄せ	数寄屋（すきや）最寄り（もより）寄席（よせ）
規	キ	規則，規律，定規	　
亀（龜）	キ　かめ	亀裂亀	　
喜	キ　よろこぶ	喜劇，悲喜，歓喜喜ぶ，喜び，喜ばしい	　
幾	キ　いく	幾何学幾つ，幾ら，幾日	　
揮	キ	揮発油，指揮，発揮	　
期	キ　　ゴ	期間，期待，予期最期，この期に及んで	　
棋	キ	棋士，棋譜，将棋	　
貴	キ　たっとい　とうとい　たっとぶ　とうとぶ	貴重，貴下，騰貴貴い貴い貴ぶ貴ぶ	⇔尊い⇔尊い⇔尊ぶ⇔尊ぶ
棄	キ	棄権，放棄，遺棄	　
毀	キ	毀損，毀誉	　
旗	キ　はた	旗手，旗艦，国旗旗，旗色，手旗	　
器（器）	キ　うつわ	器量，器用，陶器器	　
畿	キ	畿内，近畿	　
輝	キ　かがやく	輝石，光輝輝く，輝き，輝かしい	　
機	キ　はた	機械，機会，危機機，機織り	　
騎	キ	騎士，騎馬，一騎当千	　
技	ギ　わざ	技術，技師，特技技	⇔業
宜	ギ	適宜，便宜	　
偽（僞）	ギ　いつわる　にせ	偽名，真偽，虚偽偽る，偽り偽，偽物，偽札	　
欺	ギ　あざむく	詐欺欺く	　
義	ギ	義理，意義，正義	　
疑	ギ　うたがう	疑念，疑問，容疑疑う，疑い，疑わしい	　
儀	ギ	儀式，威儀，地球儀	　
戯（戲）	ギ　たわむれる	戯曲，遊戯，児戯戯れる，戯れ	　
擬	ギ	擬音，擬人法，模擬	　
犠（犧）	ギ	犠牲，犠打	　
議	ギ	議論，会議，異議	　
菊	キク	菊，菊花，白菊	　
吉	キチ　キツ	吉日，吉例，大吉吉報，不吉	「吉日」は，「キツジツ」とも。  
喫	キツ	喫煙，満喫，喫する	　
詰	キツ　つめる　つまる　つむ	詰問，難詰，面詰詰める，詰め物詰まる，行き詰まる詰む，詰み	　
却	キャク	却下，退却，売却	　
客	キャク　カク	客間，客車，乗客客死，主客，旅客	　
脚	キャク　　キャ　あし	脚部，脚本，三脚脚立，行脚脚，机の脚	⇔足
逆	ギャク　さか　さからう	逆上，逆転，順逆逆立つ，逆さ，逆さま逆らう	　
虐	ギャク　しいたげる	虐待，虐殺，残虐虐げる	　
九	キュウ　ク　ここの　ここのつ	九百，三拝九拝九分九厘，九月九日，九重九つ	　
久	キュウ　　ク　ひさしい	永久，持久，耐久久遠久しい，久々	　
及	キュウ　およぶ　および　およぼす	及第，追及，普及及ぶ，及び腰及び〔接〕及ぼす	　
弓	キュウ　ゆみ	弓道，弓状，洋弓弓，弓矢	　
丘	キュウ　おか	丘陵，砂丘丘	　
旧（舊）	キュウ	旧道，新旧，復旧	　
休	キュウ　やすむ　やすまる　やすめる	休止，休憩，定休休む，休み休まる休める，気休め	　
吸	キュウ　すう	吸収，吸入，呼吸吸う	　
朽	キュウ　くちる	不朽，老朽，腐朽朽ちる	　
臼	キュウ　うす	臼歯，脱臼石臼	　
求	キュウ　もとめる	求職，要求，追求求める，求め	　
究	キュウ　きわめる	究明，研究，学究究める	⇔窮める，極める
泣	キュウ　なく	号泣，感泣泣く，泣き沈む	　
急	キュウ　いそぐ	急速，急務，緊急急ぐ，急ぎ	　
級	キュウ	等級，上級，階級	　
糾	キュウ	糾弾，紛糾	　
宮	キュウ　グウ　　ク　みや	宮殿，宮廷，離宮宮司，神宮，東宮宮，宮様	「宮内庁」などと使う。 
救	キュウ　すくう	救助，救援，救急救う，救い	　
球	キュウ　たま	球形，球技，地球球	⇔玉，弾
給	キュウ	給水，配給，月給	　
嗅	キュウ　かぐ	嗅覚嗅ぐ	＊［（付）第２の３参照］
窮	キュウ　きわめる　きわまる	窮極，窮屈，困窮窮める窮まる	⇔究める，極める⇔極まる
牛	ギュウ　うし	牛馬，牛乳，闘牛牛	　
去	キョ　コ　さる	去年，去就，除去過去去る，去る○日	　
巨	キョ	巨大，巨匠，巨万	　
居	キョ　いる	居住，居室，住居居る，芝居	居士（こじ）
拒	キョ　こばむ	拒絶，拒否拒む	　
拠（據）	キョ　コ	拠点，占拠，根拠証拠	　
挙（擧）	キョ　あげる　あがる	挙手，挙国，壮挙挙げる，挙げて〔副〕挙がる	⇔上げる，揚げる⇔上がる，揚がる
虚（虛）	キョ　　コ	虚無，虚偽，空虚虚空，虚無僧	　
許	キョ　ゆるす	許可，許諾，特許許す，許し	　
距	キョ	距離	　
魚	ギョ　うお　さかな	魚類，金魚，鮮魚魚，魚市場魚，魚屋，煮魚	雑魚（ざこ）
御	ギョ　ゴ　おん	御者，制御御飯，御用，御殿御中，御礼	　
漁	ギョ　リョウ	漁業，漁船，漁村漁師，大漁，不漁	「猟」の字音の転用。
凶	キョウ	凶悪，凶作，吉凶	　
共	キョウ　とも	共同，共通，公共共に，共々，共食い	　
叫	キョウ　さけぶ	叫喚，絶叫叫ぶ，叫び	　
狂	キョウ　くるう　くるおしい	狂気，狂言，熱狂狂う狂おしい	　
京	キョウ　ケイ	京風，上京，帰京  	「京浜」，「京阪」などと使う。
享	キョウ	享有，享受，享楽	　
供	キョウ　　ク　そなえる　とも	供給，提供，自供供物，供養供える，お供え供，子供	⇔備える
協	キョウ	協力，協会，妥協	　
況	キョウ	状況，実況，概況	　
峡（峽）	キョウ	峡谷，地峡，海峡	　
挟（挾）	キョウ　はさむ　はさまる	挟撃挟む挟まる	　
狭（狹）	キョウ　せまい　せばめる　せばまる	狭量，広狭，偏狭狭い，狭苦しい狭める狭まる	　
恐	キョウ　おそれる　おそろしい	恐怖，恐縮，恐慌恐れる，恐れ，恐らく恐ろしい	⇔畏れる
恭	キョウ　うやうやしい	恭賀，恭順恭しい	　
胸	キョウ　むね　　むな	胸囲，胸中，度胸胸胸板，胸毛，胸騒ぎ	　
脅	キョウ　おびやかす　おどす　おどかす	脅迫，脅威脅かす脅す，脅し，脅し文句脅かす	　
強	キョウ　ゴウ　つよい　つよまる　つよめる　しいる	強弱，強要，勉強強引，強情，強盗強い，強がる強まる強める強いる，無理強い	　
教	キョウ　おしえる　おそわる	教育，教訓，宗教教える，教え教わる	　
郷（鄕）	キョウ　ゴウ	郷里，郷土，異郷郷士，近郷，在郷	　
境	キョウ　　ケイ　さかい	境界，境地，逆境境内境，境目	　
橋	キョウ　はし	橋脚，鉄橋，歩道橋橋，丸木橋	　
矯	キョウ　ためる	矯正，奇矯矯める，矯め直す	　
鏡	キョウ　かがみ	鏡台，望遠鏡，反射鏡鏡	眼鏡（めがね）
競	キョウ　ケイ　きそう　せる	競争，競技，競泳競馬，競輪競う競る，競り合う	　
響（響）	キョウ　ひびく	音響，影響，交響楽響く，響き	　
驚	キョウ　おどろく　おどろかす	驚異，驚嘆驚く，驚き驚かす	　
仰	ギョウ　　コウ　あおぐ　おおせ	仰視，仰天，仰角信仰仰ぐ仰せ	　
暁（曉）	ギョウ　あかつき	暁天，今暁，通暁暁	　
業	ギョウ　ゴウ　わざ	業績，職業，卒業業病，罪業，自業自得業，仕業，早業	⇔技
凝	ギョウ　こる　こらす	凝固，凝結，凝視凝る，凝り性凝らす	　
曲	キョク　まがる　まげる	曲線，曲面，名曲曲がる曲げる	　
局	キョク	局部，時局，結局	　
極	キョク　ゴク　きわめる　　きわまる　きわみ	極限，終極，積極的極上，極秘，至極極める，極め付き，極めて〔副〕極まる，極まり極み	⇔究める，窮める⇔窮まる 
玉	ギョク　たま	玉座，玉石，宝玉玉，目玉	⇔球，弾
巾	キン	頭巾，雑巾	　
斤	キン	斤量	　
均	キン	均等，均一，平均	　
近	キン　ちかい	近所，近代，接近近い，近づく，近道	　
金	キン　コン　かね　　かな	金属，金銭，純金金色，金剛力，黄金金，金持ち，針金金物，金具，金縛り	　
菌	キン	細菌，殺菌，保菌者	　
勤（勤）	キン　　ゴン　つとめる　つとまる	勤務，勤勉，出勤勤行勤める，勤め勤まる	⇔努める，務める⇔務まる
琴	キン　こと	琴線，木琴，手風琴琴	　
筋	キン　すじ	筋肉，筋骨，鉄筋筋，筋書，大筋	　
僅	キン　わずか	僅差僅かだ	＊［（付）第２の３参照］
禁	キン	禁止，禁煙，厳禁	　
緊	キン	緊張，緊密，緊急	　
錦	キン　にしき	錦秋錦絵	　
謹（謹）	キン　つつしむ	謹慎，謹賀，謹呈謹む，謹んで〔副〕	⇔慎む
襟	キン　えり	襟度，開襟，胸襟襟，襟首	　
吟	ギン	吟味，詩吟，苦吟	　
銀	ギン	銀貨，銀行，水銀	　
区（區）	ク	区別，区々，地区	　
句	ク	句集，字句，節句	　
苦	ク　くるしい　くるしむ　くるしめる　にがい　にがる	苦心，苦労，辛苦苦しい，苦しがる，見苦しい苦しむ，苦しみ苦しめる苦い，苦虫，苦々しい苦り切る	　
駆（驅）	ク　かける　かる	駆使，駆逐，先駆駆ける，抜け駆け駆る，駆り立てる	　
具	グ	具体的，具備，道具	　
惧	グ	危惧	＊［（付）第２の３参照］
愚	グ　おろか	愚問，愚鈍，暗愚愚かだ，愚かしい	　
空	クウ　そら　あく　あける　から	空想，空港，上空空，空色，青空空く，空き巣空ける空，空手，空手形	⇔開く，明く⇔開ける，明ける
偶	グウ	偶然，偶数，配偶者	　
遇	グウ	境遇，待遇，遇する	　
隅	グウ　すみ	一隅隅，片隅	　
串	くし	串刺し，串焼き	　
屈	クツ	屈辱，屈伸，不屈，理屈	　
掘	クツ　ほる	掘削，発掘，採掘掘る	　
窟	クツ	巣窟，洞窟	　
熊	くま	熊	　
繰	くる	繰る，繰り返す	　
君	クン　きみ	君主，君臨，諸君君，母君	　
訓	クン	訓練，教訓，音訓	　
勲（勳）	クン	勲功，勲章，殊勲	　
薫（薰）	クン　かおる	薫風，薫陶薫る，薫り	⇔香る
軍	グン	軍隊，軍備，空軍	　
郡	グン	郡部，○○郡	　
群	グン　むれる　むれ　　むら	群居，大群，抜群群れる群れ群すずめ，群千鳥，群がる	　
兄	ケイ　　キョウ　あに	兄事，父兄，義兄兄弟兄	兄（にい）さん「兄弟」は，「ケイテイ」と読むこともある。
刑	ケイ	刑罰，刑法，処刑	　
形	ケイ　ギョウ　かた　かたち	形態，形成，図形形相，人形形，形見，手形形	⇔型
系	ケイ	系統，系列，体系	　
径（徑）	ケイ	直径，直情径行	　
茎（莖）	ケイ　くき	球茎，地下茎茎，歯茎	　
係	ケイ　かかる　かかり	係累，係争，関係係る係，係員，庶務係	⇔掛かる⇔掛
型	ケイ　かた	原型，模型，典型型，型紙，血液型	⇔形
契	ケイ　ちぎる	契約，契機，黙契契る，契り	　
計	ケイ　はかる　はからう	計算，計画，寒暖計計る計らう，計らい	時計（とけい）⇔測る，量る，図る，謀る
恵（惠）	ケイ　エ　めぐむ	恵贈，恵与，恩恵恵方参り，知恵恵む，恵み	　
啓	ケイ	啓発，啓示，拝啓	　
掲（揭）	ケイ　かかげる	掲示，掲載，前掲掲げる	　
渓（溪）	ケイ	渓谷，渓流，雪渓	　
経（經）	ケイ　キョウ　へる	経費，経済，経験経文，お経，写経経る	読経（どきょう）
蛍（螢）	ケイ　ほたる	蛍光灯，蛍光塗料蛍	　
敬	ケイ　うやまう	敬意，敬服，尊敬敬う	　
景	ケイ	景気，風景，光景	景色（けしき）
軽（輕）	ケイ　かるい　かろやか	軽快，軽薄，軽率軽い，軽々と，手軽だ軽やかだ	　
傾	ケイ　かたむく　かたむける	傾斜，傾倒，傾向傾く，傾き傾ける	　
携	ケイ　たずさえる　たずさわる	携帯，必携，提携携える携わる	　
継（繼）	ケイ　つぐ	継続，継承，中継継ぐ，継ぎ	⇔接ぐ，次ぐ
詣	ケイ　もうでる	参詣詣でる，初詣	　
慶	ケイ	慶弔，慶祝，慶賀	　
憬	ケイ	憧憬	　
稽	ケイ	稽古，滑稽	＊［（付）第２の３参照］
憩	ケイ　いこい　いこう	休憩憩い憩う	　
警	ケイ	警告，警戒，警察	　
鶏（鷄）	ケイ　にわとり	鶏卵，鶏舎，養鶏鶏	　
芸（藝）	ゲイ	芸術，芸能，文芸	　
迎	ゲイ　むかえる	迎合，歓迎，送迎迎える，出迎え	　
鯨	ゲイ　くじら	鯨油，捕鯨鯨	　
隙	ゲキ　すき	間隙隙間	「隙間」は，「透き間」とも書く。
劇	ゲキ	劇薬，劇場，演劇	　
撃（擊）	ゲキ　うつ	撃退，攻撃，打撃撃つ，早撃ち	⇔打つ，討つ
激	ゲキ　はげしい	激動，感激，激する激しい，激しさ	　
桁	けた	桁違い，橋桁	　
欠（缺）	ケツ　かける　かく	欠乏，欠席，補欠欠ける欠く	　
穴	ケツ　あな	穴居，墓穴穴	　
血	ケツ　ち	血液，血統，鮮血血，鼻血	　
決	ケツ　きめる　きまる	決裂，決意，解決決める，取り決め決まる，決まり	　
結	ケツ　むすぶ　ゆう　ゆわえる	結論，結婚，連結結ぶ，結び結う，元結結わえる	　
傑	ケツ	傑物，傑作，豪傑	　
潔	ケツ　いさぎよい	潔白，清潔，純潔潔い	　
月	ゲツ　ガツ　つき	月曜，明月，歳月正月，九月月，月見，三日月	五月（さつき）五月雨（さみだれ）
犬	ケン　いぬ	犬歯，愛犬，野犬犬	　
件	ケン	件数，事件，条件	　
見	ケン　みる　みえる　みせる	見学，見地，意見見る，下見見える見せる，顔見せ	⇔診る
券	ケン	乗車券，旅券，債券	　
肩	ケン　かた	肩章，双肩，比肩肩	　
建	ケン　　コン　たてる　たつ	建築，建議，封建的建立建てる，建物，二階建て建つ，一戸建ち	⇔立てる⇔立つ
研（硏）	ケン　とぐ	研究，研修研ぐ	　
県（縣）	ケン	県庁，県立，○○県	　
倹（儉）	ケン	倹約，節倹，勤倹	　
兼	ケン　かねる	兼用，兼任，兼職兼ねる	　
剣（劍）	ケン　つるぎ	剣道，剣舞，刀剣剣	　
拳	ケン　こぶし	拳銃，拳法握り拳	　
軒	ケン　のき	軒数，一軒軒，軒先	　
健	ケン　すこやか	健康，健闘，強健健やかだ	　
険（險）	ケン　けわしい	険悪，危険，保険険しい，険しさ	　
圏（圈）	ケン	圏内，圏外，成層圏	　
堅	ケン　かたい	堅固，堅実，中堅堅い	⇔硬い，固い
検（檢）	ケン	検査，検討，点検	　
嫌	ケン　　ゲン　きらう　いや	嫌悪，嫌疑機嫌嫌う，嫌い嫌だ，嫌がる，嫌気がさす	　
献（獻）	ケン　　コン	献上，献身的，文献献立，一献	　
絹	ケン　きぬ	絹布，人絹絹，薄絹	　
遣	ケン　つかう　つかわす	遣外，派遣，分遣遣う，金遣い遣わす	⇔使う
権（權）	ケン　　ゴン	権利，権威，人権権化，権現	　
憲	ケン	憲法，憲章，官憲	　
賢	ケン　かしこい	賢人，賢明，先賢賢い	　
謙	ケン	謙虚，謙譲	　
鍵	ケン　かぎ	鍵盤鍵，鍵穴	　
繭	ケン　まゆ	繭糸繭，繭玉	　
顕（顯）	ケン	顕著，顕彰，顕微鏡	　
験（驗）	ケン　　ゲン	試験，経験，実験験がある，霊験	　
懸	ケン　　ケ　かける　かかる	懸垂，懸賞，懸命懸念，懸想懸ける，命懸け懸かる	⇔掛ける，架ける，賭ける⇔掛かる，架かる
元	ゲン　ガン　もと	元素，元気，多元元祖，元日，元来元，元帳，家元	⇔下，本，基
幻	ゲン　まぼろし	幻滅，幻覚，夢幻幻	　
玄	ゲン	玄米，玄関，幽玄	玄人（くろうと）
言	ゲン　ゴン　いう　こと	言行，言論，宣言言上，伝言，無言言う，物言い言葉，寝言	　
弦	ゲン　つる	上弦，正弦弦	　
限	ゲン　かぎる	限度，制限，期限限る，限り	　
原	ゲン　はら	原因，原理，高原原，野原，松原	海原（うなばら）河原・川原（かわら）
現	ゲン　あらわれる　あらわす	現象，現在，表現現れる，現れ現す	⇔表れる⇔表す，著す
舷	ゲン	舷側，右舷	　
減	ゲン　へる　へらす	減少，増減，加減減る，目減り減らす，人減らし	　
源	ゲン　みなもと	源泉，水源，資源源	　
厳（嚴）	ゲン　　ゴン　おごそか　きびしい	厳格，厳重，威厳荘厳厳かだ厳しい，厳しさ	　
己	コ　キ　おのれ	自己，利己知己，克己己	　
戸	コ　と	戸外，戸籍，下戸戸，雨戸	　
古	コ　ふるい　ふるす	古代，古典，太古古い，古株，古びる使い古す	　
呼	コ　よぶ	呼吸，呼応，点呼呼ぶ，呼び声	　
固	コ　かためる　かたまる　かたい	固定，固有，堅固固める，固め固まる，固まり固い，固さ	固唾（かたず）⇔堅い，硬い
股	コ　また	股間，股関節内股，大股	　
虎	コ　とら	虎穴，猛虎虎	　
孤	コ	孤児，孤独，孤立	　
弧	コ	弧状，括弧，円弧	　
故	コ　ゆえ	故郷，故意，事故故，故に	　
枯	コ　かれる　からす	枯死，枯淡，栄枯枯れる，枯れ木枯らす，木枯らし	　
個	コ	個人，個性，一個	　
庫	コ　　ク	倉庫，文庫，車庫庫裏	　
湖	コ　みずうみ	湖水，湖沼，湖畔湖	　
雇	コ　やとう	雇用，雇員，解雇雇う，日雇い	　
誇	コ　ほこる	誇示，誇大，誇張誇る，誇り，誇らしい	　
鼓	コ　つづみ	鼓動，鼓舞，太鼓鼓，小鼓	　
錮	コ	禁錮	　
顧	コ　かえりみる	顧慮，顧問，回顧顧みる	⇔省みる
五	ゴ　いつ　いつつ	五穀，五色，五目飯五日五つ	五月（さつき）五月雨（さみだれ）
互	ゴ　たがい	互角，互選，相互互い，互いに，互い違い	　
午	ゴ	午前，正午，子午線	　
呉	ゴ	呉服，呉越同舟	　
後	ゴ　コウ　のち　うしろ　あと　おくれる	後刻，前後，午後後続，後悔，後輩後，後添い，後の世後ろ，後ろめたい後，後味，後回し後れる，後れ毛，気後れ	⇔跡，痕⇔遅れる
娯	ゴ	娯楽	　
悟	ゴ　さとる	悟性，覚悟，悔悟悟る，悟り	　
碁	ゴ	碁石，碁盤，囲碁	　
語	ゴ　かたる　かたらう	語学，新語，国語語る，物語語らう，語らい	　
誤	ゴ　あやまる	誤解，正誤，錯誤誤る，誤り	　
護	ゴ	護衛，救護，保護	　
口	コウ　ク　くち	口述，人口，開口口調，口伝，異口同音口，口絵，出口	　
工	コウ　ク	工場，加工，人工工面，細工，大工	　
公	コウ　おおやけ	公平，公私，公園公	　
勾	コウ	勾配，勾留	　
孔	コウ	鼻孔，気孔	　
功	コウ　　ク	功名，功績，成功功徳	　
巧	コウ　たくみ	巧拙，巧妙，技巧巧みな術	　
広（廣）	コウ　ひろい　ひろまる　ひろめる　ひろがる　ひろげる	広大，広言，広義広い，広場，広々と広まる広める広がる，広がり広げる	　
甲	コウ　カン	甲乙，装甲車甲板，甲高い	「甲板」は，「コウハン」とも。
交	コウ　まじわる　まじえる　まじる　まざる　まぜる　かう　かわす	交通，交番，社交交わる，交わり交える交じる交ざる交ぜる，交ぜ織り飛び交う交わす	⇔混じる⇔混ざる⇔混ぜる  
光	コウ　ひかる　ひかり	光線，栄光，観光光る，光り輝く光，稲光	　
向	コウ　むく　むける　むかう　むこう	向上，傾向，趣向向く，向き向ける，顔向け向かう，向かい向こう，向こう側	　
后	コウ	皇后，皇太后	　
好	コウ　このむ　すく	好意，好敵手，良好好む，好み，好ましい好く，好き嫌い，好きな絵	　
江	コウ　え	江湖入り江	　
考	コウ　かんがえる	考慮，思考，参考考える，考え	　
行	コウ　ギョウ　　アン　いく　ゆく　おこなう	行進，行為，旅行行列，行政，修行行脚，行火行く行く，行く末行う，行い	⇔逝く行方（ゆくえ）⇔逝く  
坑	コウ	坑道，炭坑，廃坑	　
孝	コウ	孝行，孝心，不孝	　
抗	コウ	抗争，抗議，対抗	　
攻	コウ　せめる	攻守，攻撃，専攻攻める	　
更	コウ　さら　ふける　ふかす	更新，更迭，変更更に，今更更ける，夜更け更かす，夜更かし	　
効（效）	コウ　きく	効果，効力，時効効く，効き目	⇔利く
幸	コウ　さいわい　さち　しあわせ	幸福，不幸，行幸幸い，幸いな事幸幸せ，幸せな人	　
拘	コウ	拘束，拘留，拘置	　
肯	コウ	肯定，首肯	　
侯	コウ	諸侯，王侯	　
厚	コウ　あつい	厚情，厚生，濃厚厚い，厚み	　
恒（恆）	コウ	恒常，恒例，恒久	　
洪	コウ	洪水，洪積層	　
皇	コウ　オウ	皇帝，皇室，皇后法皇	「天皇」は，「テンノウ」。
紅	コウ　　ク　べに　くれない	紅白，紅茶，紅葉真紅，深紅紅，口紅紅	紅葉（もみじ）
荒	コウ　あらい　あれる　あらす	荒天，荒廃，荒涼荒い，荒波，荒々しい荒れる，荒れ地，大荒れ荒らす，倉庫荒らし	⇔粗い  
郊	コウ	郊外，近郊	　
香	コウ　　キョウ　か　かおり　かおる	香水，香気，線香香車香，色香，移り香香り香る	⇔薫り⇔薫る
候	コウ　そうろう	候補，気候，測候所候文，居候	　
校	コウ	校閲，将校，学校	　
耕	コウ　たがやす	耕作，耕地，農耕耕す	　
航	コウ	航海，航空，就航	　
貢	コウ　　ク　みつぐ	貢献年貢貢ぐ，貢ぎ物	　
降	コウ　おりる　おろす　ふる	降雨，降参，下降降りる，乗り降り降ろす降る，大降り	⇔下りる⇔下ろす，卸す 
高	コウ　たかい　たか　たかまる　たかめる	高低，高級，最高高い，高台，高ぶる高，売上高高まる，高まり高める	　
康	コウ	健康，小康	　
控	コウ　ひかえる	控除，控訴控える，控え	　
梗	コウ	心筋梗塞，脳梗塞	　
黄（黃）	コウ　オウ　き　　こ	黄葉黄金，卵黄黄，黄色い，黄ばむ黄金	硫黄（いおう）
喉	コウ　のど	喉頭，咽喉喉，喉元	　
慌	コウ　あわてる　あわただしい  	恐慌慌てる，大慌て慌ただしい，慌ただしさ，慌ただしげだ	　
港	コウ　みなと	港湾，漁港，出港港	　
硬	コウ　かたい	硬度，硬貨，生硬硬い，硬さ	⇔堅い，固い
絞	コウ　しぼる　しめる　しまる	絞殺，絞首刑絞る，絞り上げる，絞り絞める絞まる	⇔搾る⇔締める⇔締まる
項	コウ	項目，事項，条項	　
溝	コウ　みぞ	下水溝，排水溝溝	　
鉱（鑛）	コウ	鉱物，鉱山，鉄鉱	　
構	コウ　かまえる　かまう	構造，構内，結構構える，構え構う，構わない	　
綱	コウ　つな	綱紀，綱領，大綱綱，横綱	　
酵	コウ	酵母	　
稿	コウ	草稿，原稿，投稿	　
興	コウ　キョウ　おこる　おこす	興行，復興，振興興味，興趣，余興興る興す	⇔起こる⇔起こす
衡	コウ	均衡，平衡，度量衡	　
鋼	コウ　はがね	鋼鉄，鋼材，製鋼鋼	　
講	コウ	講義，講演，聴講	　
購	コウ	購入，購買，購読	　
乞	こう	乞う，命乞い	⇔請う
号（號）	ゴウ	号令，号外，番号	　
合	ゴウ　ガッ　　カッ　あう　あわす　あわせる	合同，合計，結合合併，合宿，合点合戦合う，落ち合う，試合合わす合わせる，問い合わせる	「合点」は，「ガテン」とも。⇔会う，遭う⇔併せる
拷	ゴウ	拷問	　
剛	ゴウ	剛健，金剛力	　
傲	ゴウ	傲然，傲慢	　
豪	ゴウ	豪遊，豪雨，文豪	　
克	コク	克服，克明，克己	　
告	コク　つげる	告示，告白，報告告げる	　
谷	コク　たに	幽谷谷，谷川	　
刻	コク　きざむ	彫刻，時刻，深刻刻む，刻み	　
国（國）	コク　くに	国際，国家，外国国，島国	　
黒（黑）	コク　くろ　くろい	黒板，漆黒，暗黒黒，真っ黒，白黒黒い，黒さ，腹黒い	　
穀（穀）	コク	穀物，雑穀，脱穀	　
酷	コク	酷似，冷酷，残酷	　
獄	ゴク	獄舎，地獄，疑獄	　
骨	コツ　ほね	骨子，筋骨，老骨骨，骨折り	　
駒	こま	持ち駒	　
込	こむ　こめる	込む込める，やり込める	⇔混む  
頃	ころ	頃，日頃	　
今	コン　キン　いま	今後，今日，今朝，今年，昨今今上今，今し方	今日（きょう）今朝（けさ）今年（ことし）
困	コン　こまる	困難，困窮，貧困困る	　
昆	コン	昆虫，昆布	「昆布」は，「コブ」とも。
恨	コン　うらむ　うらめしい	遺恨，痛恨，悔恨恨む，恨み恨めしい	　
根	コン　ね	根拠，根気，平方根根，根強い，屋根	　
婚	コン	婚約，結婚，新婚	　
混	コン　まじる　まざる　まぜる　こむ  	混合，混雑，混迷混じる，混じり物混ざる混ぜる，混ぜ物混む，混み合う，人混み  	⇔交じる⇔交ざる⇔交ぜる⇔込む「混み合う」，「人混み」は，「込み合う」，「人込み」とも書く。
痕	コン　あと	痕跡，血痕痕，傷痕	⇔跡，後
紺	コン	紺青，紺屋，濃紺	「紺屋」は，「コウや」とも。
魂	コン　たましい	魂胆，霊魂，商魂魂，負けじ魂	　
墾	コン	開墾	　
懇	コン　ねんごろ	懇切，懇親会懇ろだ	　
左	サ　ひだり	左右，左翼，左遷左，左利き	　
佐	サ	佐幕，補佐，大佐	　
沙	サ	沙汰	　
査	サ	査察，調査，巡査	　
砂	サ　シャ　すな	砂丘，砂糖土砂砂，砂場	砂利（じゃり）
唆	サ　そそのかす	教唆，示唆唆す	　
差	サ　さす	差異，差別，誤差差す	差し支える（さしつかえる）⇔刺す，指す，挿す
詐	サ	詐欺，詐取，詐称	　
鎖	サ　くさり	鎖国，連鎖，封鎖鎖	　
座	ザ　すわる	座席，座談，星座座る，座り込み	⇔据わる
挫	ザ	挫折，頓挫	　
才	サイ	才能，才覚，秀才	　
再	サイ　　サ　ふたたび	再度，再選，再出発再来年，再来月，再来週再び	　
災	サイ　わざわい	災害，災難，火災災い	　
妻	サイ　つま	妻子，夫妻，良妻妻，人妻	　
采	サイ	采配，喝采	　
砕（碎）	サイ　くだく　くだける	砕石，砕氷，粉砕砕く砕ける	　
宰	サイ	宰領，宰相，主宰	　
栽	サイ	栽培，盆栽	　
彩	サイ　いろどる	彩色，色彩，淡彩彩る，彩り	　
採	サイ　とる	採集，採用，採光採る	⇔取る，執る，捕る
済（濟）	サイ　すむ　すます	返済，救済，経済済む，使用済み済ます	　
祭	サイ　まつる　まつり	祭礼，文化祭祭る，祭り上げる祭り，秋祭り	　
斎（齋）	サイ	斎場，潔斎，書斎	　
細	サイ　ほそい　ほそる　こまか　こまかい	細心，詳細，零細細い，細腕，心細い細る細かだ細かい	　
菜	サイ　な	菜園，菜食，野菜菜，青菜	　
最	サイ　もっとも	最大，最近，最先端最も	最寄り（もより）
裁	サイ　たつ　さばく	裁縫，裁判，体裁裁つ，裁ち物裁く，裁き	⇔断つ，絶つ
債	サイ	債務，負債，公債	　
催	サイ　もよおす	催眠，開催，主催催す，催し	　
塞	サイ　ソク　ふさぐ　ふさがる	要塞脳梗塞，閉塞塞ぐ塞がる	　
歳	サイ　　セイ	歳末，歳月，二十歳歳暮	二十歳（はたち） 
載	サイ　のせる　のる	積載，掲載，記載載せる載る	⇔乗せる⇔乗る
際	サイ　きわ	際限，交際，この際際，際立つ，窓際	　
埼	　さい		埼玉県
在	ザイ　ある	在留，在宅，存在在る，在りし日	⇔有る
材	ザイ	材木，材料，人材	　
剤（劑）	ザイ	薬剤師，錠剤，消化剤	　
財	ザイ　　サイ	財産，私財，文化財財布	　
罪	ザイ　つみ	罪状，犯罪，謝罪罪	　
崎	さき	○○崎	　
作	サク　サ　つくる	作為，著作，豊作作業，作用，動作作る	⇔造る，創る
削	サク　けずる	削除，削減，添削削る	　
昨	サク	昨日，昨年，一昨日	昨日（きのう）
柵	サク	鉄柵	　
索	サク	索引，思索，鉄索	　
策	サク	策略，政策，対策	　
酢	サク　す	酢酸酢，酢の物	　
搾	サク　しぼる	搾取，圧搾搾る	⇔絞る
錯	サク	錯誤，錯覚，交錯	　
咲	さく	咲く，遅咲き	　
冊	サツ　サク	冊子，別冊短冊	　
札	サツ　ふだ	札入れ，表札，入札札，名札	　
刷	サツ　する	刷新，印刷，増刷刷る	　
刹	サツ　セツ	古刹，名刹刹那	　
拶	サツ	挨拶	　
殺（殺）	サツ　　サイ　　セツ　ころす	殺人，殺到，黙殺相殺殺生殺す，殺し，見殺し	　
察	サツ	察知，観察，考察	　
撮	サツ　とる	撮影撮る	　
擦	サツ　する　すれる	擦過傷，摩擦擦る，擦り傷擦れる，靴擦れ	　
雑（雜）	ザツ　ゾウ	雑談，雑音，混雑雑炊，雑木林，雑兵	雑魚（ざこ）
皿	さら	皿，灰皿	　
三	サン　み　みつ　みっつ	三角，三流，再三三日月，三日（みっか）三つ指三つ	三味線（しゃみせん）
山	サン　やま	山脈，高山，登山山	山車（だし）築山（つきやま）
参（參）	サン　まいる	参加，参万円，降参参る，寺参り	　
桟（棧）	サン	桟，桟橋	桟敷（さじき）
蚕（蠶）	サン　かいこ	蚕糸，蚕食，養蚕蚕	　
惨（慘）	サン　ザン　みじめ	惨劇，悲惨，陰惨惨死，惨殺惨めだ	　
産	サン　うむ　うまれる　うぶ	産業，生産，出産産む，産み月産まれる産湯，産着，産毛	土産（みやげ）⇔生む⇔生まれる 
傘	サン　かさ	傘下，落下傘傘，雨傘，日傘	　
散	サン　ちる　ちらす　ちらかす　ちらかる	散歩，散文，解散散る，散り散りに散らす散らかす散らかる	　
算	サン	算数，計算，予算	　
酸	サン　すい	酸味，酸素，辛酸酸い，酸っぱい	　
賛（贊）	サン	賛成，賛同，称賛	　
残（殘）	ザン　のこる　のこす	残留，残念，敗残残る，残り残す，食べ残し	名残（なごり）
斬	ザン　きる	斬殺，斬新斬る	⇔切る
暫	ザン	暫時，暫定	　
士	シ	士官，武士，紳士	海士（あま）居士（こじ）博士（はかせ）
子	シ　ス　こ 	子孫，女子，帽子金子，扇子，様子子，親子，年子 	迷子（まいご）息子（むすこ）
支	シ　ささえる	支持，支障，支店支える，支え	差し支える（さしつかえる）
止	シ　とまる　とめる	止宿，静止，中止止まる，行き止まり止める，歯止め	波止場（はとば）⇔留まる，泊まる⇔留める，泊める
氏	シ　うじ	氏名，姓氏，某氏氏，氏神	　
仕	シ　　ジ　つかえる	仕事，出仕給仕仕える	　
史	シ	史学，歴史，国史	　
司	シ	司会，司令，上司	　
四	シ　よ　よつ　よっつ　よん	四角，四季，四十七士四人，四日（よっか），四月目四つ角四つ四回，四階	　
市	シ　いち	市民，市況，都市市，競り市	　
矢	シ　や	一矢を報いる矢，矢印，矢面	　
旨	シ　むね	要旨，趣旨，本旨旨	　
死	シ　しぬ	死亡，死角，必死死ぬ，死に絶える	　
糸（絲）	シ　いと	綿糸，蚕糸，製糸糸，糸目，毛糸	　
至	シ　いたる	至当，夏至，冬至至る，至って〔副〕	　
伺	シ　うかがう	伺候伺う，伺い	　
志	シ　こころざす　こころざし	志望，有志，寸志志す志	　
私	シ　わたくし　わたし	私立，私腹，公私私，私する私	　
使	シ　つかう	使役，使者，駆使使う，使い	⇔遣う
刺	シ　さす　ささる	刺激，名刺，風刺刺す，刺し殺す刺さる	⇔差す，指す，挿す
始	シ　はじめる　はじまる	始終，年始，開始始める，始め始まる，始まり	⇔初め，初めて
姉	シ　あね	姉妹，諸姉姉，姉上	姉（ねえ）さん
枝	シ　えだ	枝葉枝	　
祉（祉）	シ	福祉	　
肢	シ	肢体，下肢，選択肢	　
姿	シ　すがた	姿勢，容姿，雄姿姿	　
思	シ　おもう	思想，意思，相思思う，思い，思わしい	　
指	シ　ゆび　さす	指示，指導，屈指指，指先指す，指図，名指し	⇔差す，刺す，挿す
施	シ　セ　ほどこす	施設，施政，実施施主，施療，布施施す，施し	　
師	シ	師匠，教師，医師	師走（しわす）
恣	シ	恣意的	＊［（付）第２の３参照］
紙	シ　かみ	紙面，用紙，新聞紙紙，紙くず，厚紙	　
脂	シ　あぶら	脂肪，油脂，樹脂脂，脂ぎる	⇔油
視（視）	シ	視覚，視力，注視	　
紫	シ　むらさき	紫紺，紫煙，紫外線紫，紫色	　
詞	シ	歌詞，作詞，品詞	祝詞（のりと）
歯（齒）	シ　は	歯科，乳歯，義歯歯，入れ歯	　
嗣	シ	嗣子，嫡嗣	　
試	シ　こころみる　ためす	試験，試作，追試試みる，試み試す，試し	　
詩	シ	詩情，詩人，詩歌	「詩歌」は，「シイカ」とも。
資	シ	資本，資格，物資	　
飼	シ　かう	飼育，飼料飼う	　
誌	シ	誌面，日誌，雑誌	　
雌	シ　め　めす	雌雄，雌伏雌花，雌牛，雌しべ雌，雌犬	　
摯	シ	真摯	　
賜	シ　たまわる	賜暇，下賜，恩賜賜る	　
諮	シ　はかる	諮問諮る	　
示	ジ　シ　しめす	示威，示談，指示示唆示す，示し	　
字	ジ　あざ	字画，文字，活字字，大字	　
寺	ジ　てら	寺院，社寺，末寺寺，尼寺	　
次	ジ　シ　つぐ　つぎ	次回，次元，目次次第次ぐ，次いで〔副〕次，次に，次々と	⇔継ぐ  
耳	ジ　みみ	耳鼻科，中耳炎耳，早耳	　
自	ジ　シ　みずから	自分，自由，各自自然自ら	　
似	ジ　にる	類似，酷似，疑似似る，似顔	　
児（兒）	ジ　　ニ	児童，幼児，優良児小児科	稚児（ちご）鹿児島（かごしま）県
事	ジ　　ズ　こと	事物，無事，師事好事家事，仕事，出来事	　
侍	ジ　さむらい	侍従，侍女，侍医侍	　
治	ジ　チ　おさめる　おさまる　なおる　なおす	政治，療治治安，治水，自治治める治まる治る治す	⇔修める⇔修まる⇔直る⇔直す
持	ジ　もつ	持参，持続，支持持つ	　
時	ジ　とき	時間，時候，当時時，時めく，時々	時雨（しぐれ）時計（とけい）
滋	ジ	滋味，滋養	滋賀（しが）県
慈	ジ　いつくしむ	慈愛，慈善，慈悲慈しむ，慈しみ	　
辞（辭）	ジ　やめる	辞書，辞職，式辞辞める	　
磁	ジ	磁石，磁気，陶磁器	　
餌［餌］	ジ　えさ　え	好餌，食餌餌餌食	［餌］＝許容字体，＊［（付）第２の３参照］
璽	ジ	御璽，国璽	　
鹿	しか　　か	鹿鹿の子	　
式	シキ	式典，形式，数式	　
識	シキ	識別，意識，知識	　
軸	ジク	軸，車軸，地軸	　
七	シチ　なな　ななつ　　なの	七五三，七福神七月目七つ七日	七夕（たなばた）「七日」は，「なぬか」とも。
𠮟	シツ　しかる	𠮟責𠮟る	　
失	シツ　うしなう	失望，失敗，消失失う	　
室	シツ　むろ	室内，皇室，居室室，室咲き	　
疾	シツ	疾患，疾走，悪疾	　
執	シツ　シュウ　とる	執務，執筆，確執執念，執心，我執執る	⇔取る，採る
湿（濕）	シツ　しめる　しめす	湿度，湿地，多湿湿る，湿り湿す	　
嫉	シツ	嫉妬	　
漆	シツ　うるし	漆器，漆黒，乾漆漆	　
質	シツ　シチ　　チ	質問，質実，本質質屋，人質言質	　
実（實）	ジツ　み　みのる	実力，充実，実に実，実入り実る，実り	　
芝	しば	芝，芝居	芝生（しばふ）
写（寫）	シャ　うつす　うつる	写真，描写，映写写す，写し写る，写り	⇔映す⇔映る
社（社）	シャ　やしろ	社会，会社，神社社	　
車	シャ　くるま	車輪，車庫，電車車，歯車	山車（だし）
舎	シャ	舎監，校舎，寄宿舎	田舎（いなか）
者（者）	シャ　もの	医者，前者，第三者者，若者	猛者（もさ）
射	シャ　いる	射撃，発射，日射病射る	　
捨	シャ　すてる	捨象，取捨，喜捨捨てる，捨て子	　
赦	シャ	赦免，大赦，恩赦	　
斜	シャ　ななめ	斜面，斜線，傾斜斜め	　
煮（煮）	シャ　にる　にえる　にやす	煮沸煮る，雑煮煮える，生煮え業を煮やす	　
遮	シャ　さえぎる	遮断遮る	　
謝	シャ　あやまる	謝絶，感謝，陳謝謝る，平謝り	　
邪	ジャ	邪悪，邪推，正邪	風邪（かぜ）
蛇	ジャ　ダ　へび	蛇の目，蛇腹，大蛇蛇行，蛇足，長蛇蛇	　
尺	シャク	尺度，尺貫法	　
借	シャク　かりる	借用，借金，貸借借りる，借り	　
酌	シャク　くむ	酌量，晩酌酌む，酌み交わす	　
釈（釋）	シャク	釈明，釈放，解釈	　
爵	シャク	爵位	　
若	ジャク　　ニャク　わかい　もしくは	若年，若干，自若老若若い，若者，若々しい若しくは	「老若」は，「ロウジャク」とも。若人（わこうど）
弱	ジャク　よわい　よわる　よわまる　よわめる	弱点，弱小，強弱弱い，弱虫，足弱弱る弱まる弱める	　
寂	ジャク　　セキ　さび　さびしい　さびれる	寂滅，静寂，閑寂寂然，寂として寂寂しい，寂しがる寂れる	「寂然」は，「ジャクネン」とも。  
手	シュ　て　　た	手腕，挙手，選手手，手柄，素手手綱，手繰る	上手（じょうず）下手（へた）手伝（てつだ）う
主	シュ　　ス　ぬし　おも	主人，主権，施主法主，坊主主，地主主な人々	「法主（ホッス）」は，「ホウシュ」，「ホッシュ」とも。
守	シュ　　ス　まもる　もり	守備，保守，攻守留守守る，守りお守り，子守，灯台守	　
朱	シュ	朱肉，朱筆，朱塗り	　
取	シュ　とる	取捨，取材，聴取取る	⇔採る，執る，捕る
狩	シュ　かる　かり	狩猟狩る，狩り込み狩り，ぶどう狩り	　
首	シュ　くび	首尾，首席，自首首，首飾り	　
殊	シュ　こと	殊勝，殊勲，特殊殊に，殊の外，殊更	　
珠	シュ	珠玉，珠算，真珠	数珠（じゅず）
酒	シュ　さけ　　さか	酒宴，飲酒，洋酒酒，酒好き，甘酒酒屋，酒場，酒盛り	お神酒（みき）
腫	シュ　はれる　はらす	腫瘍腫れる，腫れ腫らす	　
種	シュ　たね	種類，人種，品種種，菜種，一粒種	　
趣	シュ　おもむき	趣向，趣味，興趣趣	　
寿（壽）	ジュ　ことぶき	寿命，長寿，米寿寿	　
受	ジュ　うける　うかる	受諾，受験，甘受受ける，受付受かる	⇔請ける
呪	ジュ　のろう	呪縛，呪文呪う	　
授	ジュ　さずける　さずかる	授与，伝授，教授授ける授かる	　
需	ジュ	需要，需給，必需品	　
儒	ジュ	儒学，儒教，儒者	　
樹	ジュ	樹木，樹立，街路樹	　
収（收）	シュウ　おさめる　おさまる	収穫，収入，回収収める収まる	⇔納める⇔納まる
囚	シュウ	囚人，死刑囚	　
州	シュウ　す	州議会，六大州州，中州，三角州	　
舟	シュウ　ふね　　ふな	舟運，舟艇，舟航舟，小舟，渡し舟舟遊び，舟宿，舟歌	⇔船
秀	シュウ　ひいでる	秀逸，秀才，優秀秀でる	　
周	シュウ　まわり	周知，周囲，円周周り	⇔回り
宗	シュウ　ソウ	宗教，宗派，改宗宗家，宗匠	　
拾	シュウ　ジュウ　ひろう	拾得，収拾拾万円拾う，拾い物	　
秋	シュウ　あき	秋季，秋分，晩秋秋	　
臭（臭）	シュウ　くさい　におう	臭気，悪臭，俗臭臭い，臭み，臭さ臭う，臭い	⇔匂う
修	シュウ　　シュ　おさめる　おさまる	修飾，修養，改修修行修める修まる	⇔治める⇔治まる
袖	シュウ　そで	領袖袖，半袖	　
終	シュウ　おわる　おえる	終了，終日，最終終わる，終わり終える	　
羞	シュウ	羞恥心	　
習	シュウ　ならう	習得，習慣，練習習う，手習い	⇔倣う
週	シュウ	週刊，週末，毎週	　
就	シュウ　　ジュ　つく　つける	就任，就寝，去就成就就く就ける	⇔着く，付く⇔着ける，付ける
衆	シュウ　　シュ	衆寡，民衆，聴衆衆生	　
集	シュウ　あつまる　あつめる　つどう	集合，集結，全集集まる，集まり集める，人集め集う，集い	　
愁	シュウ　うれえる　うれい	愁傷，哀愁，憂愁愁える愁い	⇔憂える⇔憂い
酬	シュウ	報酬，応酬	　
醜	シュウ　みにくい	醜悪，醜態，美醜醜い，醜さ	　
蹴	シュウ　ける	一蹴蹴る，蹴散らす	　
襲	シュウ　おそう	襲撃，襲名，世襲襲う	　
十	ジュウ　ジッ　とお　と	十字架，十文字十回十，十日十色，十重	十重二十重（とえはたえ）二十・二十歳（はたち）二十日（はつか）「ジュッ」とも。  
汁	ジュウ　しる	果汁，墨汁汁，汁粉	　
充	ジュウ　あてる	充実，充電，補充充てる	⇔当てる，宛てる
住	ジュウ　すむ　すまう	住所，安住，衣食住住む住まう，住まい	　
柔	ジュウ　ニュウ　やわらか　やわらかい	柔軟，柔道，懐柔柔和，柔弱柔らかだ柔らかい	⇔軟らか⇔軟らかい
重	ジュウ　チョウ　え　おもい　かさねる　かさなる	重量，重大，二重重畳，慎重，貴重一重，八重桜重い，重たい重ねる，重ね着重なる	十重二十重（とえはたえ） 
従（從）	ジュウ　　ショウ　　ジュ　したがう　したがえる	従事，従順，服従従容従○位従う従える	　
渋（澁）	ジュウ　しぶ　しぶい　しぶる	渋滞，苦渋渋，渋紙渋い，渋さ，渋み渋る	　
銃	ジュウ	銃砲，銃弾，小銃	　
獣（獸）	ジュウ　けもの	獣類，猛獣，鳥獣獣	　
縦（縱）	ジュウ　たて	縦横，縦断，操縦縦	　
叔	シュク	伯叔	叔父（おじ）叔母（おば）
祝（祝）	シュク　　シュウ　いわう	祝賀，祝日，慶祝祝儀，祝言祝う	祝詞（のりと）
宿	シュク　やど　やどる　やどす	宿泊，宿題，合宿宿，宿屋宿る，雨宿り宿す	　
淑	シュク	淑女，貞淑，私淑	　
粛（肅）	シュク	粛清，静粛，自粛	　
縮	シュク　ちぢむ　ちぢまる　ちぢめる　ちぢれる　ちぢらす	縮小，縮図，短縮縮む，伸び縮み縮まる縮める縮れる，縮れ毛縮らす	　
塾	ジュク	塾，私塾	　
熟	ジュク　うれる	熟練，熟慮，成熟熟れる	　
出	シュツ　　スイ　でる　だす	出入，出現，提出出納出る，出窓，遠出出す	　
述	ジュツ　のべる	叙述，陳述，著述述べる	　
術	ジュツ	術策，技術，芸術	　
俊	シュン	俊敏，俊秀，俊才	　
春	シュン　はる	春季，立春，青春春，春めく	　
瞬	シュン　またたく	瞬間，瞬時，一瞬瞬く，瞬き	　
旬	ジュン　　シュン	旬刊，上旬旬，旬の野菜	　
巡	ジュン　めぐる	巡回，巡業，一巡巡る，巡り歩く	お巡（まわ）りさん
盾	ジュン　たて	矛盾盾，後ろ盾	　
准	ジュン	准将，批准	　
殉	ジュン	殉死，殉職，殉難	　
純	ジュン	純真，純粋，不純	　
循	ジュン	循環，因循	　
順	ジュン	順序，順調，従順	　
準	ジュン	準備，基準，標準	　
潤	ジュン　うるおう　うるおす　うるむ	潤色，潤沢，湿潤潤う，潤い潤す潤む	　
遵	ジュン	遵守，遵法	　
処（處）	ショ	処置，処罰，処女	　
初	ショ　はじめ　はじめて　はつ　うい　そめる	初期，初心者，最初初め初めて〔副〕初の受賞，初雪，初耳初陣，初々しい書き初め，出初め式	⇔始め 
所	ショ　ところ	所得，住所，近所所，台所	　
書	ショ　かく	書画，書籍，読書書く	⇔描く
庶	ショ	庶民，庶務	　
暑（暑）	ショ　あつい	暑気，残暑，避暑暑い，暑さ	⇔熱い
署（署）	ショ	署名，署長，警察署	　
緒（緖）	ショ　　チョ　お	緒戦，由緒，端緒情緒緒，鼻緒	「情緒」は，「ジョウショ」とも。
諸（諸）	ショ	諸君，諸国，諸般	　
女	ジョ　ニョ　　ニョウ　おんな　め	女子，女流，少女女人，天女，善男善女女房女，女心，女らしい女神，女々しい	海女（あま）乙女（おとめ）
如	ジョ　ニョ	欠如，突如，躍如如実，如来，不如意	　
助	ジョ　たすける　たすかる　すけ	助力，助監督，救助助ける，助け助かる，大助かり助太刀	　
序	ジョ	序幕，順序，秩序	　
叙（敍）	ジョ	叙述，叙景，叙勲	　
徐	ジョ	徐行，徐々に	　
除	ジョ　　ジ　のぞく	除外，除数，解除掃除除く	　
小	ショウ　ちいさい　こ　お	小心，大小，縮小小さい，小さな小型，小鳥，小切手小川，小暗い	小豆（あずき）
升	ショウ　ます	升，升目	　
少	ショウ　すくない　すこし	少年，多少，減少少ない少し	　
召	ショウ　めす	召喚，国会の召集召す，召し上がる	　
匠	ショウ	師匠，巨匠，意匠	　
床	ショウ　とこ　ゆか	起床，病床，温床床，床の間，寝床床，床下	　
抄	ショウ	抄録，抄本，抄訳	　
肖	ショウ	肖像，不肖	　
尚	ショウ	尚早，高尚	　
招	ショウ　まねく	招待，招致，招請招く，招き	　
承	ショウ　うけたまわる	承知，承諾，継承承る	　
昇	ショウ　のぼる	昇降，昇進，上昇昇る	⇔上る，登る
松	ショウ　まつ	松竹梅，白砂青松松，松原，門松	　
沼	ショウ　ぬま	沼沢，湖沼沼，沼地	　
昭	ショウ	昭和	　
宵	ショウ　よい	徹宵宵	　
将（將）	ショウ	将来，将棋，大将	　
消	ショウ　きえる　けす	消滅，消極的，費消消える，立ち消え消す，消しゴム	　
症	ショウ	症状，炎症，重症	　
祥（祥）	ショウ	発祥，吉祥，不祥事	　
称（稱）	ショウ	称賛，名称，称する	　
笑	ショウ　わらう　えむ	笑覧，微笑，談笑笑う，大笑いほくそ笑む，笑み	笑顔（えがお）
唱	ショウ　となえる	唱歌，合唱，提唱唱える	　
商	ショウ　あきなう	商売，商業，貿易商商う，商い	　
渉（涉）	ショウ	渉外，干渉，交渉	　
章	ショウ	憲章，勲章，文章	　
紹	ショウ	紹介	　
訟	ショウ	訴訟	　
勝	ショウ　かつ　まさる	勝敗，優勝，名勝勝つ，勝ち，勝手勝る，男勝り	　
掌	ショウ	掌中，職掌，車掌	　
晶	ショウ	結晶，水晶	　
焼（燒）	ショウ　やく　やける	焼却，燃焼，全焼焼く，炭焼き焼ける，夕焼け	　
焦	ショウ　こげる　こがす　こがれる　あせる	焦土，焦慮，焦心焦げる，黒焦げ焦がす焦がれる焦る，焦り	　
硝	ショウ	硝石，硝酸	　
粧	ショウ	化粧	　
詔	ショウ　みことのり	詔勅，詔書詔	　
証（證）	ショウ	証拠，証明，免許証	　
象	ショウ　ゾウ	象徴，対象，現象象眼，巨象	　
傷	ショウ　きず　いたむ　いためる	傷害，負傷，感傷傷，古傷，傷つく傷む傷める	⇔痛む，悼む⇔痛める
奨（奬）	ショウ	奨励，奨学金，推奨	　
照	ショウ　てる　てらす　てれる	照明，照会，対照的照る，日照り照らす照れる	　
詳	ショウ　くわしい	詳細，詳報，未詳詳しい，詳しさ	　
彰	ショウ	表彰，顕彰	　
障	ショウ　さわる	障害，障子，故障障る，差し障り	　
憧	ショウ　あこがれる	憧憬憧れる，憧れ	「憧憬」は，「ドウケイ」とも。 
衝	ショウ	衝突，衝動，折衝	　
賞	ショウ	賞罰，賞与，懸賞	　
償	ショウ　つぐなう	償金，弁償，代償償う，償い	　
礁	ショウ	岩礁，暗礁，さんご礁	　
鐘	ショウ　かね	半鐘，警鐘鐘	　
上	ジョウ　　ショウ　うえ　　うわ　かみ　あげる　あがる　のぼる　のぼせる　のぼす	上旬，上昇，地上上人，身上を潰す上，身の上上着，上積み上，川上上げる，売り上げ上がる，上がり上る，上り上せる上す	上手（じょうず）「身上」は，「シンショウ」と「シンジョウ」とで，意味が違う。⇔揚げる，挙げる⇔揚がる，挙がる⇔昇る，登る 
丈	ジョウ　たけ	丈六，丈夫な体丈，背丈	　
冗	ジョウ	冗談，冗長，冗費	　
条（條）	ジョウ	条理，条約，箇条	　
状（狀）	ジョウ	状態，白状，免状	　
乗（乘）	ジョウ　のる　のせる	乗数，乗車，大乗的乗る，乗り物乗せる	⇔載る⇔載せる
城	ジョウ　しろ	城内，城下町，落城城，城跡	茨城（いばらき）県，宮城（みやぎ）県
浄（淨）	ジョウ	浄化，清浄，不浄	　
剰（剩）	ジョウ	剰余，過剰，余剰	　
常	ジョウ　つね　とこ	常備，日常，非常常，常に，常々常夏	　
情	ジョウ　　セイ　なさけ	情報，情熱，人情風情情け	　
場	ジョウ　ば	場内，会場，入場場，場所，広場	　
畳（疊）	ジョウ　たたむ　たたみ	畳語，重畳畳む，折り畳み畳，畳表，青畳	　
蒸	ジョウ　むす　むれる　むらす	蒸気，蒸発蒸す，蒸し暑い蒸れる蒸らす	　
縄（繩）	ジョウ　なわ	縄文，自縄自縛縄，縄張	　
壌（壤）	ジョウ	土壌	　
嬢（孃）	ジョウ	令嬢，愛嬢，お嬢さん	　
錠	ジョウ	錠前，錠剤，手錠	　
譲（讓）	ジョウ　ゆずる	譲渡，譲歩，謙譲譲る，親譲り	　
醸（釀）	ジョウ　かもす	醸造，醸成醸す，醸し出す	　
色	ショク　シキ　いろ	原色，特色，物色色彩，色調，色欲色，桜色，色づく	景色（けしき）
拭	ショク　ふく　ぬぐう	払拭拭く拭う	　
食	ショク　　ジキ　くう　くらう　たべる	食事，食料，会食断食食う，食い物食らう食べる，食べ物	　
植	ショク　うえる　うわる	植樹，植物，誤植植える，植木植わる	　
殖	ショク　ふえる　ふやす	生殖，利殖，学殖殖える殖やす	⇔増える⇔増やす
飾	ショク　かざる	装飾，修飾，服飾飾る，飾り	　
触（觸）	ショク　ふれる　さわる	触媒，触発，接触触れる触る	　
嘱（囑）	ショク	嘱託，委嘱	　
織	ショク　シキ　おる	織機，染織，紡織組織織る，織物	　
職	ショク	職業，職務，就職	　
辱	ジョク　はずかしめる	恥辱，雪辱，屈辱辱める，辱め	　
尻	しり	尻，尻込み，目尻	尻尾（しっぽ）
心	シン　こころ	心身，感心，中心心，心得る，親心	心地（ここち）
申	シン　もうす	申告，申請，内申書申す，申し上げる	　
伸	シン　のびる　のばす　のべる	伸縮，屈伸，追伸伸びる，背伸び伸ばす伸べる	⇔延びる⇔延ばす⇔延べる
臣	シン　ジン	臣下，君臣大臣	　
芯	シン	芯	　
身	シン　み	身体，単身，等身大身，身内，親身	　
辛	シン　からい	辛苦，辛酸，香辛料辛い，辛み，辛うじて	　
侵	シン　おかす	侵入，侵害，不可侵侵す	⇔犯す，冒す
信	シン	信用，信頼，通信	　
津	シン　つ	興味津々津波，津々浦々	　
神（神）	シン　ジン　かみ　　かん　　こう	神聖，神経，精神神社，神宮，神通力神，神様，貧乏神神主神々しい	お神酒（みき）神楽（かぐら）神奈川（かながわ）県
唇	シン　くちびる	口唇唇	　
娠	シン	妊娠	　
振	シン　ふる　ふるう　ふれる	振動，振興，不振振る，振り振るう振れる	⇔奮う，震う 
浸	シン　ひたす　ひたる	浸水，浸透浸す，水浸し浸る	　
真（眞）	シン　ま 	真偽，写真，純真真南，真新しい，真っ先，真ん中 	真面目（まじめ）真っ赤（まっか）真っ青（まっさお）
針	シン　はり	針路，運針，秒針針，針金	　
深	シン　ふかい　ふかまる　ふかめる	深山，深夜，水深深い，深入り，深み深まる深める	　
紳	シン	紳士	　
進	シン　すすむ　すすめる	進級，進言，前進進む，進み進める	⇔勧める，薦める
森	シン　もり	森林，森閑，森厳森	　
診	シン　みる	診察，診療，往診診る	⇔見る
寝（寢）	シン　ねる　ねかす	寝室，寝具，就寝寝る，寝入る，昼寝寝かす	　
慎（愼）	シン　つつしむ	慎重，謹慎慎む，慎み	⇔謹む
新	シン　あたらしい　あらた　にい	新旧，新聞，革新新しい，新しさ，新しがる新ただ新妻，新盆	　
審	シン	審判，審議，不審	　
震	シン　ふるう　ふるえる	震動，震災，地震震う，身震い震える，震え	⇔奮う，振るう
薪	シン　たきぎ	薪炭，薪水薪	　
親	シン　おや　したしい　したしむ	親族，親友，肉親親，親子，父親親しい，親しさ親しむ	　
人	ジン　ニン　ひと	人道，人員，成人人間，人情，人形人，人手，旅人	玄人（くろうと）素人（しろうと）仲人（なこうど）若人（わこうど）大人（おとな）一人（ひとり）二人（ふたり）
刃	ジン　は	白刃，凶刃，自刃刃，刃物，両刃	　
仁	ジン　　ニ	仁義，仁術仁王	　
尽（盡）	ジン　つくす　つきる　つかす	尽力，無尽蔵尽くす，心尽くし尽きる愛想を尽かす	　
迅	ジン	迅速，疾風迅雷	　
甚	ジン　はなはだ　はなはだしい	甚大，激甚，幸甚甚だ甚だしい	　
陣	ジン	陣頭，陣痛，円陣	　
尋	ジン　たずねる	尋問，尋常，千尋尋ねる，尋ね人	⇔訪ねる
腎	ジン	腎臓，肝腎	「肝腎」は，「肝心」とも書く。
須	ス	必須	　
図（圖）	ズ　ト　はかる	図画，図表，地図図書，意図，壮図図る	⇔計る，測る，量る，謀る
水	スイ　みず	水分，水陸，海水水，水色，水浴び	清水（しみず）
吹	スイ　ふく	吹奏，吹鳴，鼓吹吹く	息吹（いぶき）吹雪（ふぶき）⇔噴く
垂	スイ　たれる　たらす	垂直，懸垂，胃下垂垂れる，雨垂れ垂らす	　
炊	スイ　たく	炊事，自炊，雑炊炊く，飯炊き	　
帥	スイ	統帥，元帥	　
粋（粹）	スイ　いき	粋人，純粋，精粋粋	　
衰	スイ　おとろえる	衰弱，盛衰，老衰衰える，衰え	　
推	スイ　おす	推進，推薦推す	⇔押す
酔（醉）	スイ　よう	酔漢，麻酔，心酔酔う，酔い，二日酔い	　
遂	スイ　とげる	遂行，未遂，完遂遂げる	　
睡	スイ	睡眠，熟睡，午睡	　
穂（穗）	スイ　ほ	穂状，出穂期穂，稲穂	　
随（隨）	ズイ	随行，随意，追随	　
髄（髓）	ズイ	骨髄，脳髄，真髄	　
枢（樞）	スウ	枢軸，枢要，中枢	　
崇	スウ	崇拝，崇高	　
数（數）	スウ　　ス　かず　かぞえる	数字，数量，年数人数数数える，数え年	数珠（じゅず）数寄屋・数奇屋（すきや）「人数」は，「ニンズウ」とも。
据	すえる　すわる	据える，据え置く据わる，据わり	⇔座る
杉	すぎ	杉，杉並木	　
裾	すそ	裾，裾野	　
寸	スン	寸法，寸暇，一寸先	　
瀬（瀨）	せ	瀬，浅瀬，立つ瀬	　
是	ゼ	是非，是認，国是	　
井	セイ　　ショウ　い	油井，市井天井井戸	　
世	セイ　セ　よ	世紀，時世，処世世界，世間，出世世，世の中	　
正	セイ　ショウ　ただしい　ただす　まさ	正義，正誤，訂正正直，正面，正月正しい，正しさ正す正に，正夢	　
生	セイ　ショウ　いきる　いかす　いける　うまれる　うむ　おう　はえる　はやす　き　なま	生活，発生，先生生滅，一生，誕生生きる，長生き生かす生ける，生け捕り生まれる，生まれ生む生い立ち，生い茂る生える，芽生える生やす生糸，生地，生一本生の野菜，生水，生々しい	芝生（しばふ）弥生（やよい）⇔産まれる⇔産む 
成	セイ　　ジョウ　なる　なす	成功，完成，賛成成就，成仏成る，成り立つ成す，成し遂げる	　
西	セイ　サイ　にし	西暦，西部，北西西国，東西西，西日	　
声（聲）	セイ　　ショウ　こえ　　こわ	声楽，声援，名声大音声声，呼び声，歌声声色	　
制	セイ	制度，制限，統制	　
姓	セイ　ショウ	姓名，改姓，同姓百姓	　
征	セイ	征服，遠征，出征	　
性	セイ　ショウ	性質，理性，男性性分，相性，根性	　
青	セイ　　ショウ　あお　あおい	青天，青銅，青年緑青，紺青，群青青，青ざめる青い，青さ	真っ青（まっさお） 
斉（齊）	セイ	斉唱，一斉	　
政	セイ　　ショウ　まつりごと	政治，行政，家政摂政政	　
星	セイ　　ショウ　ほし	星座，流星，衛星明星星，黒星	　
牲	セイ	犠牲	　
省	セイ　ショウ　かえりみる　はぶく	反省，内省，帰省省略，各省省みる省く	⇔顧みる 
凄	セイ	凄惨，凄絶	　
逝	セイ　ゆく　いく	逝去，急逝，長逝逝く逝く	⇔行く⇔行く
清	セイ　　ショウ　きよい　きよまる　きよめる	清潔，清算，粛清六根清浄清い，清らかだ清まる清める	清水（しみず）
盛	セイ　　ジョウ　もる　さかる　さかん	盛大，隆盛，全盛繁盛盛る，盛り上がる燃え盛る，盛り，花盛り盛んだ，盛んに	　
婿	セイ　むこ	女婿婿，花婿	　
晴	セイ　はれる　はらす	晴天，晴雨，快晴晴れる，晴れ，晴れやかだ晴らす，気晴らし	　
勢	セイ　いきおい	勢力，優勢，情勢勢い	　
聖	セイ	聖書，聖人，神聖	　
誠	セイ　まこと	誠実，誠意，至誠誠，誠に	　
精	セイ　　ショウ	精米，精密，精力精進，不精	　
製	セイ	製造，製鉄，鉄製	　
誓	セイ　ちかう	誓約，誓詞，宣誓誓う，誓い	　
静（靜）	セイ　　ジョウ　しず　しずか　しずまる　しずめる	静止，静穏，安静静脈静々と，静けさ静かだ静まる静める	⇔鎮まる⇔鎮める，沈める
請	セイ　　シン　こう　うける	請求，請願，申請普請請う請ける，請負，下請け	⇔乞う⇔受ける
整	セイ　ととのえる　ととのう	整理，整列，調整整える整う	⇔調える⇔調う
醒	セイ	覚醒	　
税	ゼイ	税金，免税，関税	　
夕	セキ　ゆう	今夕，一朝一夕夕方，夕日，夕べ	七夕（たなばた）
斥	セキ	斥候，排斥	　
石	セキ　　シャク　　コク　いし	石材，岩石，宝石磁石石高，千石船石，小石	　
赤	セキ　　シャク　あか　あかい　あからむ　あからめる	赤道，赤貧，発赤赤銅赤，赤字，赤ん坊赤い赤らむ赤らめる	真っ赤（まっか） 
昔	セキ　　シャク　むかし	昔日，昔年，昔時今昔昔，昔話	　
析	セキ	析出，分析，解析	　
席	セキ	席上，座席，出席	寄席（よせ）
脊	セキ	脊髄，脊柱	　
隻	セキ	隻手，数隻	　
惜	セキ　おしい　おしむ	惜敗，痛惜，愛惜惜しい惜しむ，負け惜しみ	　
戚	セキ	親戚	　
責	セキ　せめる	責務，責任，職責責める，責め	　
跡	セキ　あと	追跡，旧跡，遺跡跡，足跡，屋敷跡	⇔後，痕
積	セキ　つむ　つもる	積雪，蓄積，面積積む，下積み積もる，見積書	　
績	セキ	紡績，成績，業績	　
籍	セキ	書籍，戸籍，本籍	　
切	セツ　　サイ　きる　きれる	切断，親切，切に一切切る切れる	⇔斬る 
折	セツ　おる　おり　おれる	折衷，折衝，屈折折る，折り紙，折り箱折，……する折折れる，名折れ	　
拙	セツ　つたない	拙劣，拙速，巧拙拙い	　
窃（竊）	セツ	窃盗，窃取	　
接	セツ　つぐ	接触，接待，直接接ぐ，接ぎ木，骨接ぎ	⇔継ぐ
設	セツ　もうける	設立，設備，建設設ける	　
雪	セツ　ゆき	雪辱，降雪，積雪雪，雪解け，初雪	雪崩（なだれ）吹雪（ふぶき）
摂（攝）	セツ	摂取，摂生	　
節（節）	セツ　　セチ　ふし	節約，季節，関節お節料理節，節穴	　
説	セツ　　ゼイ　とく	説明，小説，演説遊説説く	　
舌	ゼツ　した	舌端，弁舌，筆舌舌，猫舌，二枚舌	　
絶	ゼツ　たえる　たやす　たつ	絶妙，絶食，断絶絶える絶やす絶つ	⇔裁つ，断つ
千	セン　ち	千円，千人力，千差万別千草，千々に	　
川	セン　かわ 	川柳，河川川，川岸，小川 	川原（かわら）⇔河
仙	セン	仙骨，仙人，酒仙	　
占	セン　しめる　うらなう	占拠，占星術，独占占める，買い占め占う，占い	　
先	セン　さき	先方，先生，率先先，先立つ	　
宣	セン	宣言，宣誓，宣伝	　
専（專）	セン　もっぱら	専門，専属，専用専ら	　
泉	セン　いずみ	泉水，源泉，温泉泉	　
浅（淺）	セン　あさい	浅薄，浅学，深浅浅い，浅瀬，遠浅	　
洗	セン　あらう	洗面，洗練，洗剤洗う	　
染	セン　そめる　そまる　しみる　しみ	染色，染料，汚染染める，染め物染まる染みる，油染みる染み，染み抜き	　
扇	セン　おうぎ	扇子，扇風機，扇状地扇，舞扇	　
栓	セン	栓，給水栓，消火栓	　
旋	セン	旋回，旋律，周旋	　
船	セン　ふね　　ふな	船舶，乗船，汽船船，大船，親船船旅，船賃	⇔舟
戦（戰）	セン　いくさ　たたかう	戦争，苦戦，論戦戦，勝ち戦戦う，戦い	⇔闘う
煎	セン　いる	煎茶煎る，煎り豆	＊［（付）第２の３参照］
羨	セン　うらやむ　うらやましい	羨望羨む羨ましい	　
腺	セン	前立腺，涙腺	　
詮	セン	詮索，所詮	＊［（付）第２の３参照］
践（踐）	セン	実践	　
箋	セン	処方箋，便箋	＊［（付）第２の３参照］
銭（錢）	セン　ぜに	銭湯，金銭銭，銭入れ，小銭	　
潜（潛）	セン　ひそむ　もぐる	潜水，潜在的，沈潜潜む潜る，潜り込む	　
線	セン	線路，点線，光線	　
遷	セン	遷延，遷都，変遷	　
選	セン　えらぶ	選択，選挙，当選選ぶ	　
薦	セン　すすめる	推薦，自薦薦める	⇔進める，勧める
繊（纖）	セン	繊細，繊維，化繊	　
鮮	セン　あざやか	鮮魚，鮮明，新鮮鮮やかだ	　
全	ゼン　まったく　すべて	全部，全国，完全全く，全うする全て	　
前	ゼン　まえ	前後，以前，空前前，前向き，名前	　
善	ゼン　よい	善悪，善処，慈善善い	⇔良い
然	ゼン　ネン	当然，自然，必然天然	　
禅（禪）	ゼン	禅宗，禅寺，座禅	　
漸	ゼン	漸次，漸進的，東漸	　
膳	ゼン	膳，配膳	　
繕	ゼン　つくろう	修繕，営繕繕う，繕い	　
狙	ソ　ねらう	狙撃狙う，狙い	　
阻	ソ　はばむ	阻止，阻害，険阻阻む	　
祖（祖）	ソ	祖父，祖述，元祖	　
租	ソ	租税，公租公課	　
素	ソ　ス	素材，元素，平素素顔，素手，素性	素人（しろうと）
措	ソ	措置，措辞，挙措	　
粗	ソ　あらい	粗密，粗野，精粗粗い	⇔荒い
組	ソ　くむ　くみ	組織，組成，改組組む，組み込む組，組長，赤組	　
疎	ソ　うとい　うとむ	疎密，疎外，親疎疎い疎む，疎ましい	　
訴	ソ　うったえる	訴訟，告訴，哀訴訴える，訴え	　
塑	ソ	塑像，彫塑，可塑性	　
遡［遡］	ソ　さかのぼる	遡及，遡上遡る	［遡］＝許容字体，＊［（付）第２の１参照］
礎	ソ　いしずえ	礎石，基礎，定礎礎	　
双（雙）	ソウ　ふた	双肩，双方，無双双子，双葉	⇔二
壮（壯）	ソウ	壮大，壮健，強壮	　
早	ソウ　　サッ　はやい　はやまる　はやめる	早朝，早晩，早々に早速，早急早い，早口，素早い早まる早める	早乙女（さおとめ）早苗（さなえ）⇔速い⇔速まる⇔速める
争（爭）	ソウ　あらそう	争議，競争，紛争争う，争い	　
走	ソウ　はしる	走行，競走，滑走走る，先走る	師走（しわす）
奏	ソウ　かなでる	奏楽，演奏，合奏奏でる	　
相	ソウ　ショウ　あい	相当，相談，真相首相，宰相相手，相宿	相撲（すもう）
荘（莊）	ソウ	荘厳，荘重，別荘	　
草	ソウ　くさ	草案，雑草，牧草草，草花，語り草	草履（ぞうり）
送	ソウ　おくる	送別，放送，運送送る，見送り	⇔贈る
倉	ソウ　くら	倉庫，穀倉倉，倉敷料	⇔蔵
捜（搜）	ソウ　さがす	捜索，捜査捜す	⇔探す
挿（插）	ソウ　さす	挿入，挿話挿す，挿絵，挿し木	⇔差す，刺す，指す
桑	ソウ　くわ	桑園桑，桑畑	　
巣（巢）	ソウ　す	営巣，卵巣，病巣巣，巣箱，巣立つ	　
掃	ソウ　はく	掃除，清掃，一掃掃く	　
曹	ソウ	法曹，法曹界，陸曹	　
曽（曾）	ソウ　　ゾ	曽祖父，曽孫未曽有	　
爽	ソウ　さわやか	爽快爽やかだ	　
窓	ソウ　まど	車窓，同窓，深窓窓，窓口，出窓	　
創	ソウ　つくる	創造，独創，刀創創る	⇔作る，造る
喪	ソウ　も	喪失喪，喪服，喪主	　
痩（瘦）	ソウ　やせる	痩身痩せる	　
葬	ソウ　ほうむる	葬儀，埋葬，会葬葬る	　
装（裝）	ソウ　ショウ　よそおう	装置，服装，変装装束，衣装装う，装い	　
僧（僧）	ソウ	僧院，高僧，尼僧	　
想	ソウ　　ソ	想像，感想，予想愛想	　
層（層）	ソウ	層雲，高層，断層	　
総（總）	ソウ	総合，総意，総括	　
遭	ソウ　あう	遭遇，遭難遭う	⇔合う，会う
槽	ソウ	水槽，浴槽	　
踪	ソウ	失踪	　
操	ソウ　みさお　あやつる	操縦，操作，節操操操る，操り人形	　
燥	ソウ	乾燥，焦燥，高燥	　
霜	ソウ　しも	霜害，晩霜霜，霜柱，初霜	　
騒（騷）	ソウ　さわぐ	騒動，騒音，物騒騒ぐ，騒ぎ，騒がしい	　
藻	ソウ　も	藻類，海藻，詞藻藻	　
造	ゾウ　つくる	造船，造花，構造造る	⇔作る，創る
像	ゾウ	肖像，現像，想像	　
増（增）	ゾウ　ます　ふえる　ふやす	増減，増加，激増増す，水増し増える増やす	⇔殖える⇔殖やす
憎（憎）	ゾウ　にくむ　にくい　にくらしい　にくしみ	憎悪，愛憎憎む憎い，憎さ憎らしい憎しみ	　
蔵（藏）	ゾウ　くら	蔵書，貯蔵，土蔵蔵，酒蔵	⇔倉
贈（贈）	ゾウ　　ソウ　おくる	贈与，贈呈，贈答寄贈贈る，贈り物	「寄贈」は，「キゾウ」とも。⇔送る
臓（臟）	ゾウ	臓器，内臓，心臓	　
即（卽）	ソク	即応，即席，即興	　
束	ソク　たば	束縛，結束，約束束，花束，束ねる	　
足	ソク　あし　たりる　たる　たす	足跡，遠足，補足足，足音，素足足りる舌足らず足す	足袋（たび）⇔脚
促	ソク　うながす	促進，促成，催促促す	　
則	ソク	法則，鉄則，変則	　
息	ソク　いき	休息，消息，子息息，息巻く，吐息	息吹（いぶき）息子（むすこ）
捉	ソク　とらえる	捕捉捉える	⇔捕らえる
速	ソク　はやい　はやめる　はやまる　すみやか	速度，敏速，時速速い，速さ速める速まる速やかだ	⇔早い⇔早める⇔早まる
側	ソク　がわ	側面，側近，側壁側，裏側，片側	「かわ」とも。
測	ソク　はかる	測量，目測，推測測る	⇔計る，量る，図る
俗	ゾク	俗事，風俗，民俗	　
族	ゾク	一族，家族，民族	　
属（屬）	ゾク	属性，従属，金属	　
賊	ゾク	賊軍，盗賊	　
続（續）	ゾク　つづく　つづける	続出，続行，連続続く，続き続ける	　
卒	ソツ	卒業，卒中，兵卒	　
率	ソツ　リツ　ひきいる	率先，引率，軽率比率，能率，百分率率いる	　
存	ソン　ゾン	存在，存続，既存存分，保存，存じます	　
村	ソン　むら	村長，村落，農村村，村里，村芝居	　
孫	ソン　まご	子孫，嫡孫孫	　
尊	ソン　たっとい　とうとい　たっとぶ　とうとぶ	尊敬，尊大，本尊尊い尊い尊ぶ尊ぶ	⇔貴い⇔貴い⇔貴ぶ⇔貴ぶ
損	ソン　そこなう　そこねる	損失，欠損，破損損なう，見損なう損ねる	　
遜［遜］	ソン	謙遜，不遜	［遜］＝許容字体，＊［（付）第２の１参照］
他	タ　ほか	他国，自他，排他的他，○○の他	⇔外
多	タ　おおい	多少，多数，雑多多い	　
汰	タ	沙汰	　
打	ダ　うつ	打撃，打破，乱打打つ	⇔撃つ，討つ
妥	ダ	妥当，妥結，妥協	　
唾	ダ　つば	唾液，唾棄唾，眉唾	固唾（かたず）「唾」は，「つばき」とも。
堕（墮）	ダ	堕落	　
惰	ダ	惰眠，惰気，怠惰	　
駄	ダ	駄菓子，駄作，無駄	　
太	タイ　タ　ふとい　ふとる	太陽，太鼓，皇太子丸太太い太る	太刀（たち）
対（對）	タイ　ツイ	対立，絶対，反対対句，一対	　
体（體）	タイ　テイ　からだ	体格，人体，主体体裁，風体体，体つき	　
耐	タイ　たえる	耐久，耐火，忍耐耐える	⇔堪える
待	タイ　まつ	待機，待遇，期待待つ，待ち遠しい	　
怠	タイ　おこたる　なまける	怠惰，怠慢怠る怠ける，怠け者	　
胎	タイ	胎児，受胎，母胎	　
退	タイ　しりぞく　しりぞける	退却，退屈，進退退く退ける	立ち退く（たちのく）
帯（帶）	タイ　おびる　おび	携帯，地帯，連帯帯びる帯，角帯	　
泰	タイ	泰然，泰斗，安泰	　
堆	タイ	堆積	　
袋	タイ　ふくろ	風袋，郵袋袋，紙袋	足袋（たび）
逮	タイ	逮捕，逮夜	　
替	タイ　かえる　かわる	代替替える，両替替わる	為替（かわせ）⇔換える，代える，変える⇔換わる，代わる，変わる
貸	タイ　かす	貸借，貸与，賃貸貸す，貸し	　
隊	タイ	隊列，軍隊，部隊	　
滞（滯）	タイ　とどこおる	滞在，滞貨，沈滞滞る	　
態	タイ	態勢，形態，容態	　
戴	タイ	戴冠，頂戴	　
大	ダイ　タイ　おお　おおきい　おおいに	大小，大胆，拡大大衆，大した，大して大型，大通り，大水大きい，大きさ，大きな大いに	大人（おとな）大和（やまと）
代	ダイ　タイ　かわる　かえる　よ　しろ	代理，世代，現代代謝，交代代わる，代わり代える代，神代代物，苗代	⇔換わる，替わる，変わる⇔換える，替える，変える
台（臺）	ダイ　タイ	台地，灯台，一台台風，舞台	　
第	ダイ	第一，第三者，及第	　
題	ダイ	題名，問題，出題	　
滝（瀧）	たき	滝，滝つぼ	　
宅	タク	宅地，自宅，帰宅	　
択（擇）	タク	選択，採択，二者択一	　
沢（澤）	タク　さわ	光沢，潤沢沢	　
卓	タク	卓越，卓球，食卓	　
拓	タク	拓本，開拓	　
託	タク	託宣，委託，結託	　
濯	タク	洗濯	　
諾	ダク	諾否，承諾，快諾	　
濁	ダク　にごる　にごす	濁流，濁音，清濁濁る，濁り濁す	　
但	ただし	但し，但し書き	　
達	タツ	達人，調達，伝達	友達（ともだち）
脱	ダツ　ぬぐ　ぬげる	脱衣，脱出，虚脱脱ぐ脱げる	　
奪	ダツ　うばう	奪回，奪取，争奪奪う，奪い取る	　
棚	たな	棚，戸棚，大陸棚	　
誰	だれ	誰	　
丹	タン	丹念，丹精	　
旦	タン　ダン	一旦，元旦旦那	　
担（擔）	タン　かつぐ　になう	担当，担架，負担担ぐ担う	　
単（單）	タン	単独，単位，簡単	　
炭	タン　すみ	炭鉱，木炭，石炭炭，炭火，消し炭	　
胆（膽）	タン	大胆，落胆，魂胆	　
探	タン　さぐる　さがす	探求，探訪，探知探る，探り探す	⇔捜す
淡	タン　あわい	淡水，濃淡，冷淡淡い，淡雪	　
短	タン　みじかい	短歌，短所，長短短い	　
嘆（嘆）	タン　なげく　なげかわしい	嘆息，嘆願，驚嘆嘆く，嘆き嘆かわしい	　
端	タン　はし　は　はた	端正，末端，極端端，片端端数，半端，軒端端，川端，道端	　
綻	タン　ほころびる	破綻綻びる	　
誕	タン	誕生，生誕	　
鍛	タン　きたえる	鍛錬鍛える，鍛え方	鍛冶（かじ）
団（團）	ダン　　トン	団結，団地，集団布団	　
男	ダン　ナン　おとこ	男子，男女，男性長男，美男，善男善女男，男らしい	　
段	ダン	段落，階段，手段	　
断（斷）	ダン　たつ　ことわる	断絶，断定，判断断つ，塩断ち断る，断り	⇔裁つ，絶つ
弾（彈）	ダン　ひく　はずむ　たま	弾力，弾圧，爆弾弾く，弾き手弾む，弾み弾	⇔引く⇔玉，球
暖	ダン　あたたか　あたたかい　あたたまる　あたためる	暖流，暖房，温暖暖かだ暖かい暖まる暖める	⇔温か⇔温かい⇔温まる⇔温める
談	ダン	談話，談判，相談	　
壇	ダン　　タン	壇上，花壇，文壇土壇場	　
地	チ　ジ	地下，天地，境地地面，地震，地元	心地（ここち）意気地（いくじ）
池	チ　いけ	貯水池，電池池，古池	　
知	チ　しる	知識，知人，通知知る，物知り	　
値	チ　ね　あたい	価値，数値，絶対値値，値段値，値する	⇔価
恥	チ　はじる　はじ　はじらう　はずかしい	恥辱，無恥，破廉恥恥じる，恥じ入る恥，生き恥恥じらう，恥じらい恥ずかしい	　
致	チ　いたす	誘致，合致，風致致す	　
遅（遲）	チ　おくれる　おくらす　おそい	遅延，遅刻，遅速遅れる，遅れ遅らす遅い，遅咲き	⇔後れる
痴（癡）	チ	痴情，愚痴	　
稚	チ	稚魚，稚拙，幼稚	稚児（ちご）
置	チ　おく	位置，放置，処置置く	　
緻	チ	緻密，精緻	　
竹	チク　たけ	竹林，竹馬の友，爆竹竹，竹やぶ，さお竹	竹刀（しない）
畜	チク	畜産，牧畜，家畜	　
逐	チク	逐次，逐一，駆逐	　
蓄	チク　たくわえる	蓄積，蓄電池，貯蓄蓄える，蓄え	　
築	チク　きずく	築港，建築，改築築く，築き上げる	築山（つきやま）
秩	チツ	秩序	　
窒	チツ	窒息，窒素	　
茶	チャ　サ	茶色，茶番劇，番茶茶菓，茶話会，喫茶	　
着	チャク　　ジャク　きる　きせる　つく　つける	着用，着手，土着愛着，執着着る，着物，晴れ着着せる，お仕着せ着く，船着き場着ける	「愛着」，「執着」は，「アイチャク」，「シュウチャク」とも。⇔付く，就く⇔付ける，就ける
嫡	チャク	嫡子，嫡流	　
中	チュウ　　ジュウ　なか	中央，中毒，胸中○○中中，中庭，真ん中	⇔仲
仲	チュウ　なか	仲介，仲裁，伯仲仲，仲間	仲人（なこうど）⇔中
虫（蟲）	チュウ　むし	虫類，幼虫，害虫虫，毛虫	　
沖	チュウ　おき	沖積層，沖天，沖する沖	　
宙	チュウ	宙返り，宇宙	　
忠	チュウ	忠実，忠勤，誠忠	　
抽	チュウ	抽出，抽象	　
注	チュウ　そそぐ	注入，注意，発注注ぐ	　
昼（晝）	チュウ　ひる	昼夜，昼食，白昼昼，昼寝，真昼	　
柱	チュウ　はしら	支柱，円柱，電柱柱，帆柱，大黒柱	　
衷	チュウ	衷心，折衷，苦衷	　
酎	チュウ	焼酎	　
鋳（鑄）	チュウ　いる	鋳造，鋳鉄，改鋳鋳る，鋳物，鋳型	　
駐	チュウ	駐車，駐在，進駐	　
著（著）	チョ　あらわす　いちじるしい	著名，著作，顕著著す著しい，著しさ	⇔表す，現す
貯	チョ	貯蓄，貯金，貯水池	　
丁	チョウ　テイ	丁数，落丁，二丁目丁字路，甲乙丙丁	　
弔	チョウ　とむらう	弔問，弔辞，慶弔弔う，弔い	　
庁（廳）	チョウ	庁舎，官庁，県庁	　
兆	チョウ　きざす　きざし	兆候，前兆，億兆兆す兆し	　
町	チョウ　まち	町会，市町村町，町外れ	⇔街
長	チョウ　ながい	長女，長所，成長長い，長さ	⇔永い
挑	チョウ　いどむ	挑戦，挑発挑む	　
帳	チョウ	帳面，帳簿，通帳	蚊帳（かや）
張	チョウ　はる	張力，拡張，主張張る，欲張る，引っ張る	⇔貼る
彫	チョウ　ほる	彫刻，彫塑，木彫彫る，木彫り	　
眺	チョウ　ながめる	眺望眺める，眺め	　
釣	チョウ　つる	釣果，釣魚，釣艇釣る，釣り，釣り合い	　
頂	チョウ　いただく　いただき	頂上，頂点，絶頂頂く，頂き物頂	「山頂」の意。
鳥	チョウ　とり	鳥類，野鳥，一石二鳥鳥，鳥居，小鳥	鳥取（とっとり）県
朝	チョウ　あさ	朝食，早朝，今朝朝，朝日，毎朝	今朝（けさ）
貼	チョウ　はる	貼付貼る	「貼付」は，「テンプ」とも。⇔張る
超	チョウ　こえる　こす	超越，超過，入超超える超す	⇔越える⇔越す
腸	チョウ	腸炎，大腸，胃腸	　
跳	チョウ　はねる　とぶ	跳躍跳ねる跳ぶ，縄跳び	⇔飛ぶ
徴（徵）	チョウ	徴収，特徴，象徴	　
嘲	チョウ　あざける	嘲笑，自嘲嘲る	＊［（付）第２の３参照］
潮	チョウ　しお	潮流，満潮，風潮潮，潮風	　
澄	チョウ　すむ　すます	清澄澄む，上澄み澄ます，澄まし顔	　
調	チョウ　しらべる　ととのう　ととのえる	調和，調査，好調調べる，調べ調う調える	⇔整う⇔整える
聴（聽）	チョウ　きく	聴覚，聴衆，傍聴聴く	⇔聞く
懲（懲）	チョウ　こりる　こらす　こらしめる	懲罰，懲戒，懲役懲りる，性懲りもなく懲らす懲らしめる	　
直	チョク　ジキ　ただちに　なおす　なおる	直立，直接，実直直訴，直筆，正直直ちに直す，手直し直る，仲直り	⇔治す⇔治る
勅（敕）	チョク	勅語，勅使，詔勅	　
捗	チョク	進捗	＊［（付）第２の３参照］
沈	チン　しずむ　しずめる	沈滞，沈黙，浮沈沈む，浮き沈み沈める	⇔静める，鎮める
珍	チン　めずらしい	珍客，珍重，珍妙珍しい，珍しさ，珍しがる	　
朕	チン		　
陳	チン	陳列，陳謝，開陳	　
賃	チン	賃金，賃上げ，運賃	　
鎮（鎭）	チン　しずめる　しずまる	鎮座，鎮静，重鎮鎮める鎮まる	⇔静める，沈める⇔静まる
追	ツイ　おう	追跡，追放，訴追追う	　
椎	ツイ	椎間板，脊椎	　
墜	ツイ	墜落，墜死，撃墜	　
通	ツウ　　ツ　とおる　とおす　かよう	通行，通読，普通通夜通る，通り通す，通し通う，通い	　
痛	ツウ　いたい　いたむ　いためる	痛快，苦痛，心痛痛い，痛さ痛む，痛み，痛ましい痛める	⇔傷む，悼む⇔傷める
塚（塚）	つか	塚，貝塚	　
漬	つける　つかる	漬ける，漬物漬かる	　
坪	つぼ	坪数，建坪	　
爪	つめ　　つま	爪，生爪爪先，爪弾く	　
鶴	つる	鶴，千羽鶴	　
低	テイ　ひくい　ひくめる　ひくまる	低級，低気圧，高低低い，低さ低める低まる	　
呈	テイ	呈上，進呈，贈呈	　
廷	テイ	宮廷，法廷，出廷	　
弟	テイ　　ダイ　　デ　おとうと	弟妹，義弟，子弟兄弟弟子弟	　
定	テイ　ジョウ　さだめる　さだまる　さだか	定価，安定，決定定石，定紋，必定定める，定め定まる定かだ	　
底	テイ　そこ	底流，海底，到底底，奥底	　
抵	テイ	抵抗，抵触，大抵	　
邸	テイ	邸宅，邸内，私邸	　
亭	テイ	亭主，料亭	　
貞	テイ	貞淑，貞操，貞節	　
帝	テイ	帝王，帝国，皇帝	　
訂	テイ	訂正，改訂	　
庭	テイ　にわ	庭園，校庭，家庭庭，庭先	　
逓（遞）	テイ	逓信，逓送，逓減	　
停	テイ	停止，停車，調停	　
偵	テイ	偵察，探偵，内偵	　
堤	テイ　つつみ	堤防，防波堤堤	　
提	テイ　さげる	提供，提案，前提提げる，手提げ	⇔下げる
程	テイ　ほど	程度，日程，過程程，程遠い，身の程	　
艇	テイ	艦艇，舟艇，競艇	　
締	テイ　しまる　しめる	締結締まる，締まり締める，締め切る，引き締め	⇔閉まる，絞まる⇔閉める，絞める
諦	テイ　あきらめる	諦観，諦念諦める	　
泥	デイ　どろ	泥土，雲泥，拘泥泥，泥沼，泥棒	　
的	テキ　まと	的中，目的，科学的的，的外れ	　
笛	テキ　ふえ	汽笛，警笛，牧笛笛，口笛	　
摘	テキ　つむ	摘要，摘発，指摘摘む，摘み草	　
滴	テキ　しずく　したたる	水滴，点滴，一滴滴滴る，滴り	　
適	テキ	適切，適度，快適	　
敵	テキ　かたき	敵，敵意，匹敵敵，敵役，商売敵	　
溺	デキ　おぼれる	溺愛，溺死溺れる	＊［（付）第２の３参照］
迭	テツ	更迭	　
哲	テツ	哲学，哲人，先哲	　
鉄（鐵）	テツ	鉄道，鉄筋，鋼鉄	　
徹	テツ	徹底，徹夜，貫徹	　
撤	テツ	撤去，撤回，撤兵	　
天	テン　あめ　　あま	天地，天然，雨天天天の川，天下り	　
典	テン	典拠，古典，式典	　
店	テン　みせ	店舗，開店，本店店，夜店	　
点（點）	テン	点線，点火，採点	　
展	テン	展示，展開，発展	　
添	テン　そえる　そう	添加，添付，添削添える，添え手紙添う，付き添う	⇔沿う
転（轉）	テン　ころがる　ころげる　ころがす　ころぶ	転出，回転，運転転がる転げる転がす転ぶ	　
塡	テン	装塡，補塡	＊［（付）第２の３参照］
田	デン　た	田地，水田，油田田，田植え	田舎（いなか）
伝（傳）	デン　つたわる　つたえる　つたう	伝言，伝統，宣伝伝わる伝える，言い伝え伝う	伝馬船（てんません）手伝（てつだ）う
殿	デン　テン　との　どの	殿堂，宮殿，貴殿御殿殿様，殿方○○殿	　
電	デン	電気，電報，発電	　
斗	ト	斗酒，北斗七星	　
吐	ト　はく	吐露，吐血，音吐朗々吐く，吐き気	　
妬	ト　ねたむ	嫉妬妬む	　
徒	ト	徒歩，徒労，信徒	　
途	ト	途上，帰途，前途	　
都（都）	ト　ツ　みやこ	都会，都心，首都都合，都度都，都落ち	　
渡	ト　わたる　わたす	渡航，渡河，譲渡渡る，渡り渡す，渡し	　
塗	ト　ぬる	塗布，塗装，塗料塗る，塗り	　
賭	ト　かける	賭場，賭博賭ける，賭け	＊［（付）第２の３参照］⇔掛ける，懸ける，架ける
土	ド　ト　つち	土木，国土，粘土土地土，赤土	土産（みやげ）
奴	ド	奴隷，守銭奴	　
努	ド　つとめる	努力努める，努めて〔副〕	⇔勤める，務める
度	ド　　ト　　タク　たび	度胸，制度，限度法度支度度，度重なる，この度	　
怒	ド　いかる　おこる	怒号，怒気，激怒怒る，怒り，怒り狂う怒る	　
刀	トウ　かたな	刀剣，短刀，名刀刀	太刀（たち）竹刀（しない）
冬	トウ　ふゆ	冬季，冬至，越冬冬，冬枯れ	　
灯（燈）	トウ　ひ	灯火，電灯，点灯灯	⇔火
当（當）	トウ　あたる　あてる	当惑，当然，妥当当たる，当たり当てる，当て	⇔宛てる，充てる
投	トウ　なげる	投資，投下，暴投投げる，身投げ	投網（とあみ）
豆	トウ　　ズ　まめ	豆腐，納豆大豆豆，豆粒，煮豆	小豆（あずき）
東	トウ　ひがし	東西，東国，以東東，東側	　
到	トウ	到着，到底，周到	　
逃	トウ　にげる　にがす　のがす　のがれる	逃走，逃亡，逃避逃げる，夜逃げ逃がす逃す，見逃す逃れる，一時逃れ	　
倒	トウ　たおれる　たおす	倒産，圧倒，傾倒倒れる，共倒れ倒す	　
凍	トウ　こおる　こごえる	凍結，凍死，冷凍凍る，凍り付く凍える，凍え死に	　
唐	トウ　から	唐本，唐突唐織，唐草模様	　
島	トウ　しま	島民，半島，列島島，島国，離れ島	　
桃	トウ　もも	桃源郷，白桃，桜桃桃，桃色	　
討	トウ　うつ	討伐，討論，検討討つ，敵討ち	⇔打つ，撃つ
透	トウ　すく　すかす　すける	透写，透明，浸透透く透かす，透かし透ける	　
党（黨）	トウ	党派，政党，徒党	　
悼	トウ　いたむ	悼辞，哀悼，追悼悼む	⇔痛む，傷む
盗（盜）	トウ　ぬすむ	盗難，盗用，強盗盗む，盗み	　
陶	トウ	陶器，陶酔，薫陶	　
塔	トウ	五重の塔，石塔	　
搭	トウ	搭載，搭乗，搭乗券	　
棟	トウ　むね　　むな	上棟，病棟棟，別棟棟木	　
湯	トウ　ゆ	湯治，熱湯，微温湯湯，湯水，煮え湯	　
痘	トウ	種痘，水痘，天然痘	　
登	トウ　ト　のぼる	登壇，登校，登記登山，登城登る，山登り	⇔上る，昇る
答	トウ　こたえる　こたえ	答弁，応答，問答答える答え	⇔応える
等	トウ　ひとしい	等分，等級，平等等しい	　
筒	トウ　つつ	封筒，水筒，円筒形筒，筒抜け	　
統	トウ　すべる	統一，統計，伝統統べる	　
稲（稻）	トウ　いね　　いな	水稲，陸稲稲，稲刈り稲作，稲穂	　
踏	トウ　ふむ　ふまえる	踏破，踏襲，高踏的踏む，足踏み踏まえる	　
糖	トウ	糖分，砂糖，製糖	　
頭	トウ　ズ　　ト　あたま　かしら	頭部，年頭，船頭頭脳，頭上，頭痛音頭頭，頭金，頭打ち頭，頭文字，旗頭	　
謄	トウ	謄写，謄本	　
藤	トウ　ふじ	葛藤藤，藤色	　
闘（鬭）	トウ　たたかう	闘争，闘志，戦闘闘う，闘い	⇔戦う
騰	トウ	騰貴，暴騰，沸騰	　
同	ドウ　おなじ	同情，異同，混同同じ，同じだ，同い年	　
洞	ドウ　ほら	洞穴，洞察，空洞洞穴	　
胴	ドウ	胴体，双胴船	　
動	ドウ　うごく　うごかす	動物，活動，騒動動く，動き動かす	　
堂	ドウ　	堂々と，殿堂，母堂	　
童	ドウ　わらべ	童話，童心，児童童，童歌	　
道	ドウ　　トウ　みち	道路，道徳，報道神道道，近道	　
働	ドウ　はたらく	労働，実働働く，働き	　
銅	ドウ　	銅器，銅像，青銅	　
導	ドウ　みちびく	導入，指導，半導体導く，導き	　
瞳	ドウ　ひとみ	瞳孔瞳	　
峠	とうげ	峠，峠道	　
匿	トク	匿名，隠匿	　
特	トク	特殊，特産，独特	　
得	トク　える　うる	得意，会得，損得得る得るところ，書き得る	⇔獲る
督	トク	督促，督励，監督	　
徳（德）	トク	徳義，徳用，道徳	　
篤	トク	篤農，危篤，懇篤	　
毒	ドク	毒薬，毒舌，中毒	　
独（獨）	ドク　ひとり	独立，独断，単独独り，独り者	　
読（讀）	ドク　トク　　トウ　よむ	読書，音読，購読読本読点，句読点読む，読み	読経（どきょう）⇔詠む
栃	　とち		栃木県
凸	トツ	凸版，凸レンズ，凹凸	凸凹（でこぼこ）
突（突）	トツ　つく	突然，突端，衝突突く，一突き	　
届（屆）	とどける　とどく	届ける，届け届く，行き届く	　
屯	トン	駐屯，駐屯地	　
豚	トン　ぶた	養豚豚，子豚	　
頓	トン	頓着，整頓	　
貪	ドン　むさぼる	貪欲貪る	　
鈍	ドン　にぶい　にぶる	鈍感，鈍角，愚鈍鈍い，鈍さ鈍る	　
曇	ドン　くもる	曇天曇る，曇り	　
丼	どんぶり　　どん	丼，丼飯牛丼，天丼	　
那	ナ	刹那，旦那	　
奈	ナ	奈落	　
内	ナイ　　ダイ　うち	内外，内容，家内内裏，参内内，内側，内気	　
梨	なし	梨	　
謎［謎］	なぞ	謎	［謎］＝許容字体，＊［（付）第２の１参照］
鍋	なべ	鍋，鍋料理	　
南	ナン　　ナ　みなみ	南北，南端，指南南無南，南向き	　
軟	ナン　やわらか　やわらかい	軟化，軟弱，硬軟軟らかだ軟らかい	⇔柔らか⇔柔らかい
難（難）	ナン　かたい　むずかしい	難易，困難，非難許し難い，有り難い難しい，難しさ	「むつかしい」とも。
二	ニ　ふた　ふたつ	二番目，二分，十二月二重まぶた二つ	十重二十重（とえはたえ）二十・二十歳（はたち）二十日（はつか）二人（ふたり）二日（ふつか）⇔双
尼	ニ　あま	尼僧，修道尼尼，尼寺	　
弐（貳）	ニ	弐万円	　
匂	におう	匂う，匂い	⇔臭う
肉	ニク	肉類，肉薄，筋肉	　
虹	にじ	虹	　
日	ニチ　ジツ　ひ　か	日時，日光，毎日連日，平日，休日日，日帰り，月曜日三日，十日	明日（あす）昨日（きのう）今日（きょう）一日（ついたち）二十日（はつか）日和（ひより）二日（ふつか）
入	ニュウ　いる　いれる　はいる	入学，侵入，収入寝入る，大入り，気に入る入れる，入れ物入る	⇔要る
乳	ニュウ　ちち　ち	乳児，乳液，牛乳乳乳首，乳飲み子	乳母（うば）
尿	ニョウ	尿意，尿素，夜尿症	　
任	ニン　まかせる　まかす	任意，任務，責任任せる，人任せ任す	　
妊	ニン	妊娠，懐妊，不妊	　
忍	ニン　しのぶ　しのばせる	忍者，忍耐，残忍忍ぶ，忍び足，忍びやかだ忍ばせる	　
認	ニン　みとめる	認識，承認，否認認める	　
寧	ネイ	安寧，丁寧	　
熱	ネツ　あつい	熱病，熱湯，情熱熱い，熱さ	⇔暑い
年	ネン　とし	年代，少年，豊年年，年子，年寄り	今年（ことし）
念	ネン	念願，信念，断念	　
捻	ネン	捻挫，捻出	　
粘	ネン　ねばる	粘土，粘液，粘着粘る，粘り，粘り強い	　
燃	ネン　もえる　もやす　もす	燃焼，燃料，可燃性燃える，燃え尽きる燃やす燃す	　
悩（惱）	ノウ　なやむ　なやます	悩殺，苦悩，煩悩悩む，悩み，悩ましい悩ます	　
納	ノウ　　ナッ　　ナ　　ナン　　トウ　おさめる　おさまる	納入，納涼，収納納得，納豆納屋納戸出納納める，御用納め納まる，納まり	⇔収める⇔収まる
能	ノウ	能力，芸能，効能	　
脳（腦）	ノウ	脳髄，首脳，頭脳	　
農	ノウ	農業，農具，酪農	　
濃	ノウ　こい	濃厚，濃紺，濃淡濃い，濃さ	　
把	ハ	把握，把持，一把（ワ），三把（バ），十把（パ）	「把（ハ）」は，前に来る音によって「ワ」，「バ」，「パ」になる。
波	ハ　なみ	波浪，波及，電波波，波立つ，荒波	波止場（はとば）
派	ハ	派遣，派生，流派	　
破	ハ　やぶる　やぶれる	破壊，破産，撃破，破棄破る，型破り破れる，破れ	⇔敗れる
覇（霸）	ハ	覇権，覇者，制覇	　
馬	バ　うま　　ま	馬車，競馬，乗馬馬，馬小屋馬子，絵馬	伝馬船（てんません）
婆	バ	老婆，産婆役	　
罵	バ　ののしる	罵声，罵倒罵る	　
拝（拜）	ハイ　おがむ	拝見，拝礼，崇拝拝む，拝み倒す	　
杯	ハイ　さかずき	祝杯，銀杯，一杯杯	　
背	ハイ　せ　せい　そむく　そむける	背後，背景，腹背背，背丈，背中背，上背背く背ける	　
肺	ハイ	肺臓，肺炎，肺活量	　
俳	ハイ	俳優，俳句，俳味	　
配	ハイ　くばる	配分，交配，心配配る	　
排	ハイ	排斥，排気，排除	　
敗	ハイ　やぶれる	敗北，腐敗，失敗敗れる	⇔破れる
廃（廢）	ハイ　すたれる　すたる	廃止，廃物，荒廃廃れる廃る，はやり廃り	　
輩	ハイ	輩出，同輩，先輩	　
売（賣）	バイ　うる　うれる	売買，売品，商売売る，売り出す売れる，売れ行き	　
倍	バイ	倍率，倍加，二倍	　
梅（梅）	バイ　うめ	梅園，梅雨，紅梅梅，梅見，梅酒	梅雨（つゆ）
培	バイ　つちかう	培養，栽培培う	　
陪	バイ	陪席，陪食，陪審	　
媒	バイ	媒介，媒体，触媒	　
買	バイ　かう	買収，売買，購買買う，買い物	　
賠	バイ	賠償	　
白	ハク　ビャク　しろ　　しら　しろい	白髪，紅白，明白黒白白，白黒，真っ白白壁，白む，白ける白い	白髪（しらが）
伯	ハク	伯仲，画伯	伯父（おじ）伯母（おば）
拍	ハク　　ヒョウ	拍手，拍車，一拍拍子	　
泊	ハク　とまる　とめる	宿泊，停泊，外泊泊まる，泊まり泊める	⇔止まる，留まる⇔止める，留める
迫	ハク　せまる	迫害，脅迫，切迫迫る	　
剝	ハク　はがす　はぐ　はがれる　はげる	剝製，剝奪剝がす剝ぐ剝がれる剝げる	＊［（付）第２の３参照］
舶	ハク	舶来，船舶	　
博	ハク　　バク	博識，博覧，博士号博労，博徒	博士（はかせ）
薄	ハク　うすい　うすめる　うすまる　うすらぐ　うすれる	薄情，薄謝，軽薄薄い，薄着，品薄薄める薄まる薄らぐ薄れる	　
麦（麥）	バク　むぎ	麦芽，麦秋，精麦麦，麦粉，小麦	　
漠	バク	漠然，広漠，砂漠	　
縛	バク　しばる	束縛，捕縛縛る，金縛り	　
爆	バク	爆発，爆弾，原爆	　
箱	はこ	箱，箱庭，小箱	　
箸	はし	箸	＊［（付）第２の３【賭】参照］
畑	はた　はたけ	畑，畑作畑，畑違い，麦畑	　
肌	はだ	肌，肌色，地肌	　
八	ハチ　や　やつ　やっつ　　よう	八月，八方八重桜八つ当たり八つ八日	八百屋（やおや）八百長（やおちょう）
鉢	ハチ　　ハツ	鉢，植木鉢衣鉢	　
発（發）	ハツ　ホツ	発明，発射，突発発作，発端，発起	　
髪（髮）	ハツ　かみ	頭髪，白髪，整髪髪，髪結い，日本髪	白髪（しらが）
伐	バツ	伐採，征伐，殺伐	　
抜（拔）	バツ　ぬく　ぬける　ぬかす　ぬかる	抜群，選抜抜く，くぎ抜き抜ける，気抜け抜かす抜かる，抜かり	　
罰	バツ　バチ	罰金，処罰，天罰罰当たり	　
閥	バツ	門閥，財閥，派閥	　
反	ハン　　ホン　　タン　そる　そらす	反映，反対，違反謀反反物反る，反り反らす	　
半	ハン　なかば	半分，半面，大半半ば	　
氾	ハン	氾濫	　
犯	ハン　おかす	犯罪，共犯，侵犯犯す	⇔侵す，冒す
帆	ハン　ほ	帆船，帆走，出帆帆，帆柱，帆前船	　
汎	ハン	汎用	　
伴	ハン　バン　ともなう	同伴，随伴伴奏，伴食伴う	　
判	ハン　バン	判定，判明，裁判Ａ判，大判	　
坂	ハン　さか	急坂坂，坂道，下り坂	　
阪	ハン	阪神，京阪	大阪（おおさか）府
板	ハン　バン　いた	乾板，鉄板黒板，掲示板板，板前	　
版	ハン	版画，写真版，出版	　
班	ハン	班長，救護班	　
畔	ハン	湖畔	　
般	ハン	諸般，一般，先般	　
販	ハン	販売，販路，市販	　
斑	ハン	斑点	　
飯	ハン　めし	御飯，炊飯，赤飯飯，飯粒，五目飯	　
搬	ハン	搬入，搬出，運搬	　
煩	ハン　　ボン　わずらう　わずらわす	煩雑煩悩煩う，煩い，煩わしい煩わす	⇔患う
頒	ハン	頒布，頒価	　
範	ハン	範囲，師範，模範	　
繁（繁）	ハン	繁栄，繁茂，繁華街	　
藩	ハン	藩主，廃藩	　
晩（晚）	バン	晩夏，今晩，早晩	　
番	バン	番人，番組，順番	　
蛮（蠻）	バン	蛮行，蛮人，野蛮	　
盤	バン	基盤，円盤，碁盤	　
比	ヒ　くらべる	比較，比例，無比比べる，背比べ	　
皮	ヒ　かわ	皮膚，皮相，樹皮皮，毛皮	⇔革
妃	ヒ	妃殿下，王妃	　
否	ヒ　いな	否定，適否，安否否，否めない	　
批	ヒ	批判，批評，批准	　
彼	ヒ　かれ　　かの	彼我，彼岸彼，彼ら彼女	　
披	ヒ	披見，披露，直披	　
肥	ヒ　こえる　こえ　こやす　こやし	肥大，肥料，施肥肥える肥，下肥肥やす肥やし	　
非	ヒ	非難，非常，是非	　
卑（卑）	ヒ　いやしい　いやしむ　いやしめる	卑近，卑屈，卑下卑しい，卑しさ卑しむ卑しめる	　
飛	ヒ　とぶ　とばす	飛行，飛躍，雄飛飛ぶ，飛び火飛ばす	⇔跳ぶ
疲	ヒ　つかれる	疲労，疲弊疲れる，疲れ	　
秘（祕）	ヒ　ひめる	秘密，秘書，神秘秘める	　
被	ヒ　こうむる	被服，被害，被告被る	　
悲	ヒ　かなしい　かなしむ	悲喜，悲劇，慈悲悲しい，悲しがる悲しむ，悲しみ	　
扉	ヒ　とびら	開扉，門扉扉	　
費	ヒ　ついやす　ついえる	費用，消費，旅費費やす費える，費え	　
碑（碑）	ヒ	碑銘，石碑，記念碑	　
罷	ヒ	罷業，罷免	　
避	ヒ　さける	避難，逃避，不可避避ける	　
尾	ビ　お	尾行，首尾，末尾尾，尾頭付き，尾根	尻尾（しっぽ）
眉	ビ　　ミ　まゆ	眉目，焦眉眉間眉毛	　
美	ビ　うつくしい	美醜，美術，賛美美しい，美しさ	　
備	ビ　そなえる　そなわる	備考，守備，準備備える，備え備わる	⇔供える
微	ビ	微細，微笑，衰微	　
鼻	ビ　はな	鼻音，鼻孔，耳鼻科鼻，鼻血，小鼻	　
膝	ひざ	膝，膝頭	　
肘	ひじ	肘，肘掛け	　
匹	ヒツ　ひき	匹敵，匹夫，馬匹数匹	　
必	ヒツ　かならず	必然，必死，必要必ず，必ずしも	　
泌	ヒツ　ヒ	分泌泌尿器	「分泌」は，「ブンピ」とも。
筆	ヒツ　ふで	筆力，筆記，毛筆筆，筆先	　
姫	ひめ	姫，姫松	　
百	ヒャク	百貨店，百科全書，数百	八百屋（やおや）八百長（やおちょう）
氷	ヒョウ　こおり　ひ	氷点，氷山，結氷氷氷雨	　
表	ヒョウ　おもて　あらわす　あらわれる	表面，代表，発表表，表門，裏表表す表れる	⇔面⇔現す，著す⇔現れる
俵	ヒョウ　たわら	一俵，土俵俵，米俵	　
票	ヒョウ	票決，投票，伝票	　
評	ヒョウ	評価，評判，定評	　
漂	ヒョウ　ただよう	漂着，漂白，漂流漂う	　
標	ヒョウ	標準，標本，目標	　
苗	ビョウ　なえ　　なわ	種苗，痘苗苗，苗木苗代	早苗（さなえ）
秒	ビョウ	秒針，秒速，寸秒	　
病	ビョウ　　ヘイ　やむ　やまい	病気，病根，看病疾病病む，病み付き病	　
描	ビョウ　えがく　かく	描写，素描，点描描く，描き出す描く，絵描き	⇔書く
猫	ビョウ　ねこ	愛猫猫	　
品	ヒン　しな	品評，作品，上品品，品物，手品	　
浜（濱）	ヒン　はま	海浜浜，浜辺，砂浜	　
貧	ヒン　ビン　まずしい	貧富，貧弱，清貧貧乏貧しい，貧しさ	　
賓（賓）	ヒン	賓客，主賓，来賓	　
頻（頻）	ヒン	頻度，頻発，頻繁	　
敏（敏）	ビン	敏速，機敏，鋭敏	　
瓶（甁）	ビン	瓶，瓶詰，花瓶	　
不	フ　ブ	不当，不利，不賛成不作法，不用心	　
夫	フ　　フウ　おっと	夫妻，農夫，凡夫夫婦，工夫夫	　
父	フ　ちち	父母，父兄，祖父父，父親	叔父・伯父（おじ）父（とう）さん
付	フ　つける　つく	付与，交付，給付付ける，名付け付く，気付く	⇔着ける，就ける⇔着く，就く
布	フ　ぬの	布陣，綿布，分布布，布地，布目	　
扶	フ	扶助，扶養，扶育	　
府	フ	府県，首府，政府	　
怖	フ　こわい	恐怖怖い，怖がる	　
阜	　フ		岐阜県
附	フ	附属，寄附	　
訃	フ	訃報	　
負	フ　まける　まかす　おう	負担，負傷，勝負負ける，負け負かす負う，負い目，背負う	　
赴	フ　おもむく	赴任赴く	　
浮	フ　うく　うかれる　うかぶ　うかべる	浮沈，浮力，浮薄浮く，浮き，浮世絵浮かれる浮かぶ浮かべる	浮気（うわき）浮（うわ）つく
婦	フ	婦人，夫婦，主婦	　
符	フ	符号，切符，音符	　
富	フ　　フウ　とむ　とみ	富強，富裕，貧富富貴富む，富み栄える富	富山（とやま）県「富貴」は，「フッキ」とも。
普	フ	普通，普遍，普請	　
腐	フ　くさる　くされる　くさらす	腐心，腐敗，陳腐腐る腐れ縁，ふて腐れる腐らす	　
敷	フ　しく	敷設敷く，敷石，屋敷	桟敷（さじき）
膚	フ	皮膚，完膚	　
賦	フ	賦役，月賦，天賦	　
譜	フ	系譜，楽譜，年譜	　
侮（侮）	ブ　あなどる	侮辱，軽侮侮る，侮り	　
武	ブ　ム	武力，武士，文武武者人形，荒武者	　
部	ブ	部分，全部，本部	部屋（へや）
舞	ブ　まう　まい	舞踏，舞台，鼓舞舞う，舞い上がる舞，舞扇	　
封	フウ　ホウ	封鎖，封書，密封封建的，素封家	　
風	フウ　　フ　かぜ　　かざ	風力，風俗，強風風情，中風風，そよ風風上，風車	風邪（かぜ）
伏	フク　ふせる　ふす	伏線，起伏，潜伏伏せる，うつ伏せ伏す，伏し拝む	　
服	フク	服装，服従，洋服	　
副	フク	副業，副作用，正副	　
幅	フク　はば	幅員，振幅，全幅幅，横幅	　
復	フク	復活，往復，報復	　
福（福）	フク	福祉，福徳，幸福	　
腹	フク　はら	腹案，空腹，山腹腹，腹芸，太っ腹	　
複	フク	複数，複雑，重複	　
覆	フク　おおう　くつがえす　くつがえる	覆面，転覆覆う，覆い覆す覆る	　
払（拂）	フツ　はらう	払暁，払底払う，払い，月払い	　
沸	フツ　わく　わかす	沸騰，沸点，煮沸沸く，沸き上がる沸かす，湯沸かし	⇔湧く
仏（佛）	ブツ　ほとけ	仏事，仏像，念仏仏，仏様，生き仏	　
物	ブツ　モツ　もの	物質，人物，動物食物，進物，禁物物，物語，品物	果物（くだもの）
粉	フン　こ　こな	粉末，粉砕，粉飾粉，小麦粉粉，粉雪	　
紛	フン　まぎれる　まぎらす　まぎらわす　まぎらわしい	紛失，紛争，内紛紛れる，紛れ紛らす紛らわす紛らわしい	　
雰	フン	雰囲気	　
噴	フン　ふく	噴火，噴出，噴水噴く，噴き出す	⇔吹く
墳	フン	墳墓，古墳	　
憤	フン　いきどおる	憤慨，義憤，発憤憤る，憤り	　
奮	フン　ふるう	奮起，奮発，興奮奮う，奮い立つ，奮って〔副〕	⇔震う，振るう
分	ブン　フン　ブ　わける　わかれる　わかる　わかつ	分解，自分，水分分別，分銅，三十分一分一厘，五分分ける，引き分け分かれる分かる分かつ，分かち合う	大分（おおいた）県⇔別れる 
文	ブン　モン　ふみ	文学，文化，作文文字，経文，天文学恋文	「文字」は，「モジ」とも。
聞	ブン　モン　きく　きこえる	新聞，風聞，見聞聴聞，前代未聞聞く，人聞き聞こえる，聞こえ	⇔聴く
丙	ヘイ	丙種，甲乙丙	　
平	ヘイ　ビョウ　たいら　ひら	平面，平和，公平平等平らな土地，平らげる平手，平謝り，平たい	　
兵	ヘイ　ヒョウ	兵器，兵隊，撤兵兵糧，雑兵	　
併（倂）	ヘイ　あわせる	併合，併用，合併併せる，併せて〔接〕	⇔合わせる
並（竝）	ヘイ　なみ　ならべる　ならぶ　ならびに	並行，並列，並立並の品，並木，足並み並べる，五目並べ並ぶ，並び並びに	　
柄	ヘイ　がら　え	横柄，権柄ずく柄，家柄，身柄柄	　
陛	ヘイ	陛下	　
閉	ヘイ　とじる　とざす　しめる　しまる	閉店，閉口，密閉閉じる，閉じ込める閉ざす閉める閉まる	⇔締める⇔締まる
塀（塀）	ヘイ	塀，板塀	　
幣	ヘイ	貨幣，紙幣，御幣担ぎ	　
弊	ヘイ	弊害，旧弊，疲弊	　
蔽	ヘイ	隠蔽	＊［（付）第２の３参照］
餅［餅］（餠）	ヘイ　もち	煎餅餅屋，尻餅	［餅］＝許容字体，＊［（付）第２の３【餌】参照］
米	ベイ　マイ　こめ	米作，米価，米食精米，新米，白米米，米粒	　
壁	ヘキ　かべ	壁面，壁画，岸壁壁，壁土，白壁	　
璧	ヘキ	完璧，双璧	　
癖	ヘキ　くせ	習癖，病癖，潔癖癖，口癖	　
別	ベツ　わかれる	別離，区別，特別別れる，別れ	⇔分かれる
蔑	ベツ　さげすむ	蔑視，軽蔑蔑む	　
片	ヘン　かた	紙片，破片，断片片方，片手，片一方	　
辺（邊）	ヘン　あたり　べ	辺境，周辺，その辺辺り海辺，岸辺	　
返	ヘン　かえす　かえる	返却，返事，返礼返す，仕返し返る，寝返り	⇔帰す⇔帰る
変（變）	ヘン　かわる　かえる	変化，異変，大変変わる，変わり種変える	⇔替わる，代わる，換わる⇔替える，代える，換える
偏	ヘン　かたよる	偏向，偏見，偏食偏る，偏り	　
遍	ヘン	遍歴，普遍，一遍	　
編	ヘン　あむ	編集，編成，長編編む，手編み	　
弁（辨）（瓣）（辯）	ベン	弁償，花弁，雄弁	　
便	ベン　ビン　たより	便利，便法，簡便便乗，郵便，定期便便り，初便り，花便り	　
勉（勉）	ベン	勉強，勉学，勤勉	　
歩（步）	ホ　ブ　　フ　あるく　あゆむ	歩道，徒歩，進歩歩合，日歩歩歩く歩む，歩み	　
保	ホ　たもつ	保護，保存，担保保つ	　
哺	ホ	哺乳類	　
捕	ホ　とらえる　とらわれる　とる　つかまえる　つかまる	捕獲，捕虜，逮捕捕らえる捕らわれる捕る，捕り物捕まえる捕まる	⇔捉える⇔取る，採る 
補	ホ　おぎなう	補欠，補充，候補補う，補い	　
舗	ホ	舗装，店舗	老舗（しにせ）
母	ボ　はは	母性，父母，祖母母，母親	乳母（うば）叔母・伯母（おば）母屋・母家（おもや）母（かあ）さん
募	ボ　つのる	募金，募集，応募募る	　
墓	ボ　はか	墓地，墓参，墓穴墓，墓参り	　
慕	ボ　したう	慕情，敬慕，思慕慕う，慕わしい	　
暮	ボ　くれる　くらす	暮春，歳暮，薄暮暮れる，暮れ暮らす，暮らし	　
簿	ボ	簿記，名簿，帳簿	　
方	ホウ　かた	方法，方角，地方お乗りの方，話し方，敵方	行方（ゆくえ）
包	ホウ　つつむ	包囲，包容力，内包包む，包み，小包	　
芳	ホウ　かんばしい	芳香，芳紀，芳志芳しい，芳しさ	　
邦	ホウ	邦楽，本邦，連邦	　
奉	ホウ　　ブ　たてまつる	奉納，奉仕，信奉奉行奉る	　
宝（寶）	ホウ　たから	宝石，国宝，財宝宝，宝船，子宝	　
抱	ホウ　だく　いだく　かかえる	抱負，抱懐，介抱抱く抱く抱える，一抱え	　
放	ホウ　はなす　はなつ　はなれる　ほうる	放送，放棄，追放放す，手放す放つ放れる放る	⇔離す⇔離れる 
法	ホウ　　ハッ　　ホッ	法律，文法，方法法度法主	「法主」は，「ホウシュ」とも。
泡	ホウ　あわ	気泡，水泡，発泡泡，泡立つ	　
胞	ホウ	胞子，同胞，細胞	　
俸	ホウ	俸給，年俸，本俸	　
倣	ホウ　ならう	模倣倣う	　⇔習う
峰	ホウ　みね	秀峰，霊峰，連峰峰，剣が峰	　
砲	ホウ	砲撃，大砲，鉄砲	　
崩	ホウ　くずれる　くずす	崩壊崩れる，山崩れ崩す	雪崩（なだれ）
訪	ホウ　おとずれる　たずねる	訪問，来訪，探訪訪れる，訪れ訪ねる	⇔尋ねる
報	ホウ　むくいる	報酬，報告，情報報いる，報い	　
蜂	ホウ　はち	蜂起蜜蜂	　
豊（豐）	ホウ　ゆたか	豊作，豊満，豊富豊かだ	　
飽	ホウ　あきる　あかす	飽和，飽食飽きる，飽き，見飽きる……に飽かして	　
褒（襃）	ホウ　ほめる	褒章，褒美，過褒褒める	　
縫	ホウ　ぬう	縫合，縫製，裁縫縫う，縫い目	　
亡	ボウ　　モウ　ない 	亡父，亡命，存亡亡者亡い，亡き人，亡くす，亡くなる 	多く文語の「亡き」で使う。⇔無い
乏	ボウ　とぼしい	欠乏，貧乏，耐乏乏しい，乏しさ	　
忙	ボウ　いそがしい	忙殺，多忙，繁忙忙しい，忙しさ	　
坊	ボウ　　ボッ	坊主，朝寝坊，赤ん坊坊ちゃん	　
妨	ボウ　さまたげる	妨害妨げる，妨げ	　
忘	ボウ　わすれる	忘却，忘年会，備忘忘れる，物忘れ	　
防	ボウ　ふせぐ	防備，堤防，予防防ぐ，防ぎ	　
房	ボウ　ふさ	独房，冷房，僧房房，一房，乳房	　
肪	ボウ	脂肪	　
某	ボウ	某氏，某国，某所	　
冒	ボウ　おかす	冒険，冒頭，感冒冒す	⇔犯す，侵す
剖	ボウ	解剖	　
紡	ボウ　つむぐ	紡績，混紡紡ぐ	　
望	ボウ　モウ　のぞむ	望郷，希望，人望所望，大望，本望望む，望み，望ましい	「大望」は，「タイボウ」とも。
傍	ボウ　かたわら	傍線，傍聴，路傍傍ら	　
帽	ボウ	帽子，脱帽，無帽	　
棒	ボウ	棒グラフ，棒読み，鉄棒	　
貿	ボウ	貿易	　
貌	ボウ	変貌，美貌	　
暴	ボウ　　バク　あばく　あばれる	暴言，横暴，乱暴暴露暴く，暴き出す暴れる，大暴れ	　
膨	ボウ　ふくらむ　ふくれる	膨大膨らむ，膨らみ膨れる，青膨れ	　
謀	ボウ　　ム　はかる	謀略，無謀，首謀者謀反謀る	⇔計る，量る，図る
頰	ほお	頰，頰張る	＊［（付）第２の３参照］「頰」は，「ほほ」とも。
北	ホク　きた	北進，北方，敗北北，北風，北半球	　
木	ボク　モク　き　　こ	木石，大木，土木木造，樹木，材木木，並木，拍子木木立，木陰	木綿（もめん）
朴	ボク	純朴，素朴	　
牧	ボク　まき	牧場，牧師，遊牧牧場	　
睦	ボク	親睦，和睦	　
僕	ボク	僕，公僕	　
墨（墨）	ボク　すみ	筆墨，白墨，遺墨墨，墨絵，眉墨	　
撲	ボク	撲殺，撲滅，打撲	相撲（すもう）
没	ボツ	没収，没交渉，出没	　
勃	ボツ	勃興，勃発	　
堀	ほり	堀，外堀，釣堀	　
本	ホン　もと	本質，本来，資本本，旗本	⇔下，元，基
奔	ホン	奔走，奔放，出奔	　
翻（飜）	ホン　ひるがえる　ひるがえす	翻意，翻訳，翻刻翻る翻す	　
凡	ボン　　ハン	凡人，凡百，平凡凡例	　
盆	ボン	盆栽，盆地，旧盆	　
麻	マ　あさ	麻薬，麻酔，亜麻麻	　
摩	マ	摩擦，摩天楼	　
磨	マ　みがく	研磨磨く，磨き粉	　
魔	マ	魔法，悪魔，邪魔	　
毎（每）	マイ	毎度，毎日，毎々	　
妹	マイ　いもうと	姉妹，義妹，令妹妹	　
枚	マイ	枚数，枚挙，大枚	　
昧	マイ	曖昧，三昧	　
埋	マイ　うめる　うまる　うもれる	埋没，埋蔵，埋葬埋める，埋め立て，穴埋め埋まる埋もれる，埋もれ木	　
幕	マク　バク	幕切れ，天幕，暗幕幕府，幕末，幕僚	　
膜	マク	膜質，鼓膜，粘膜	　
枕	まくら	枕，枕元	　
又	また	又，又は	　
末	マツ　バツ　すえ	末代，本末，粉末末子，末弟末，末っ子，末頼もしい	「末子」，「末弟」は，「マッシ」，「マッテイ」とも。
抹	マツ	抹殺，抹消，一抹	　
万（萬）	マン　バン	万一，万年筆，巨万万国，万端，万全	　
満（滿）	マン　みちる　みたす	満月，満足，充満満ちる，満ち潮満たす	　
慢	マン	慢性，怠慢，自慢	　
漫	マン	漫画，漫歩，散漫	　
未	ミ	未来，未満，前代未聞	　
味	ミ　あじ　あじわう	味覚，意味，興味味，味見，塩味味わう，味わい	三味線（しゃみせん）
魅	ミ	魅力，魅惑，魅する	　
岬	みさき	岬	　
密	ミツ	密約，厳密，秘密	　
蜜	ミツ	蜜，蜜月	　
脈	ミャク	脈絡，動脈，山脈	　
妙	ミョウ	妙案，奇妙，巧妙	　
民	ミン　たみ	民族，民主的，国民民	　
眠	ミン　ねむる　ねむい	不眠，安眠，睡眠眠る，眠り眠い，眠たい，眠気	　
矛	ム　ほこ	矛盾矛，矛先	　
務	ム　つとめる　つとまる	事務，職務，義務務める，務め務まる	⇔勤める，努める⇔勤まる
無	ム　ブ　ない	無名，無理，皆無無事，無礼，無愛想無い，無くす，無くなる	⇔亡い
夢	ム　ゆめ	夢幻，夢中，悪夢夢，夢見る，初夢	　
霧	ム　きり	霧笛，濃霧，噴霧器霧，霧雨，朝霧	　
娘	むすめ	娘，娘心，小娘	　
名	メイ　ミョウ　な 	名誉，氏名，有名名字，本名，大名名，名前 	仮名（かな）名残（なごり）
命	メイ　ミョウ　いのち	命令，運命，生命寿命命，命拾い	　
明	メイ　ミョウ　あかり　あかるい　あかるむ　あからむ　あきらか　あける　あく　あくる　あかす	明暗，説明，鮮明明日，光明，灯明明かり，薄明かり明るい，明るさ明るむ明らむ明らかだ明ける，夜明け明く明くる日，明くる朝明かす，種明かし	明日（あす）⇔開ける，空ける⇔開く，空く 
迷	メイ　まよう	迷路，迷惑，低迷迷う，迷い	迷子（まいご）
冥	メイ　ミョウ	冥福冥加，冥利	　
盟	メイ	加盟，同盟，連盟	　
銘	メイ	銘柄，碑銘	　
鳴	メイ　なく　なる　ならす	鳴動，悲鳴，雷鳴鳴く，鳴き声鳴る，耳鳴り鳴らす	　
滅	メツ　ほろびる　ほろぼす	滅亡，消滅，絶滅滅びる滅ぼす	　
免（免）	メン　まぬかれる	免許，免除，放免免れる	「まぬがれる」とも。
面	メン　おも　おもて　つら	面会，顔面，方面川の面，面影，面長面，細面面，面魂，鼻面	真面目（まじめ）⇔表
綿	メン　わた	綿布，綿密，純綿綿，真綿	木綿（もめん）
麺（麵）	メン	麺類	　
茂	モ　しげる	繁茂茂る，茂み	　
模	モ　ボ	模範，模型，模倣規模	　
毛	モウ　け	毛髪，毛細管，不毛毛，毛糸，抜け毛	　
妄	モウ　ボウ	妄信，妄想，迷妄妄言	「妄言」は，「モウゲン」とも。
盲	モウ	盲点，盲従，文盲	　
耗	モウ　　コウ	消耗心神耗弱	「モウ」は，慣用音。
猛	モウ	猛烈，猛獣，勇猛	猛者（もさ）
網	モウ　あみ	網膜，漁網，通信網網，網戸	投網（とあみ）
目	モク　　ボク　め　　ま	目的，目前，項目面目目，目立つ，結び目目の当たり，目深	「面目」は，「メンモク」とも。真面目（まじめ） 
黙（默）	モク　だまる	黙殺，暗黙，沈黙黙る，黙り込む	　
門	モン　かど	門戸，門下生，専門門，門口，門松	　
紋	モン	紋章，指紋，波紋	　
問	モン　とう　とい　　とん	問題，問答，訪問問う，問いただす問い問屋	「問屋」は，「といや」とも。
冶	ヤ	冶金，陶冶	鍛冶（かじ）
夜	ヤ　よ　よる	夜半，深夜，昼夜夜が明ける，夜風，月夜夜，夜昼	　
野	ヤ　の	野外，野性，分野野，野原，野放し	野良（のら）
弥（彌）	や		弥生（やよい）
厄	ヤク	厄，厄年，災厄	　
役	ヤク　エキ	役所，役目，荷役役務，使役，兵役	　
約	ヤク	約束，約半分，節約	　
訳（譯）	ヤク　わけ	訳文，翻訳，通訳訳，内訳，申し訳	　
薬（藥）	ヤク　くすり	薬剤，薬局，火薬薬，飲み薬	　
躍	ヤク　おどる	躍動，躍起，飛躍躍る，躍り上がる	⇔踊る
闇	やみ	闇夜，暗闇	　
由	ユ　ユウ　　ユイ　よし	由来，経由自由，理由，事由由緒……の由	　
油	ユ　あぶら	油脂，油田，石油油，油絵，水油	⇔脂
喩	ユ	比喩	＊［（付）第２の３参照］
愉	ユ	愉快，愉悦	　
諭	ユ　さとす	諭旨，教諭，説諭諭す，諭し	　
輸	ユ	輸出，輸送，運輸	　
癒	ユ　いえる　いやす	癒着，治癒，平癒癒える癒やす	　
唯	ユイ　　イ	唯一，唯物論，唯美主義唯々諾々	　
友	ユウ　とも	友好，友情，親友友	友達（ともだち）
有	ユウ　ウ　ある	有益，所有，特有有無，有象無象有る，有り金	⇔在る
勇	ユウ　いさむ	勇敢，勇気，武勇勇む，勇み足，勇ましい	　
幽	ユウ	幽境，幽玄，幽霊	　
悠	ユウ	悠然，悠長，悠々	　
郵	ユウ	郵便，郵送，郵券	　
湧	ユウ　わく	湧水，湧出湧く	⇔沸く
猶	ユウ	猶予	　
裕	ユウ	裕福，富裕，余裕	　
遊	ユウ　　ユ　あそぶ	遊戯，遊離，交遊遊山遊ぶ，遊び	　
雄	ユウ　お　おす	雄大，英雄，雌雄雄しべ，雄牛，雄々しい雄，雄犬	　
誘	ユウ　さそう	誘惑，誘発，勧誘誘う，誘い水	　
憂	ユウ　うれえる　うれい　うい	憂愁，憂慮，一喜一憂憂える，憂え憂い憂い，憂き目，物憂い	⇔愁える⇔愁い「憂き」は，文語の連体形。
融	ユウ	融解，融和，金融	　
優	ユウ　やさしい　すぐれる	優越，優柔，俳優優しい，優しさ優れる	　
与（與）	ヨ　あたえる	与党，授与，関与与える	　
予（豫）	ヨ	予定，予備，猶予	　
余（餘）	ヨ　あまる　あます	余剰，余地，残余余る，余り余す	　
誉（譽）	ヨ　ほまれ	名誉，栄誉誉れ	　
預	ヨ　あずける　あずかる	預金，預託預ける預かる，預かり	　
幼	ヨウ　おさない	幼児，幼虫，幼稚幼い，幼友達	　
用	ヨウ　もちいる	用意，使用，費用用いる	　
羊	ヨウ　ひつじ	羊毛，綿羊，牧羊羊	　
妖	ヨウ　あやしい	妖怪，妖艶妖しい	⇔怪しい
洋	ヨウ	洋楽，洋風，海洋	　
要	ヨウ　かなめ　いる	要点，要注意，重要要要る	⇔入る
容	ヨウ	容易，容器，形容	　
庸	ヨウ	凡庸，中庸	　
揚	ヨウ　あげる　あがる	意気揚々，抑揚，掲揚揚げる，荷揚げ揚がる	⇔上げる，挙げる⇔上がる，挙がる
揺（搖）	ヨウ　ゆれる　ゆる　ゆらぐ　ゆるぐ　ゆする　ゆさぶる　ゆすぶる	動揺揺れる，揺れ揺り返し，揺り籠揺らぐ揺るぐ，揺るぎない揺する，貧乏揺すり揺さぶる揺すぶる	　
葉	ヨウ　は	葉緑素，落葉，紅葉葉，枯れ葉，落ち葉	紅葉（もみじ）
陽	ヨウ	陽光，陰陽，太陽	　
溶	ヨウ　とける　とかす　とく	溶解，溶液，水溶液溶ける溶かす溶く	⇔解ける⇔解かす⇔解く
腰	ヨウ　こし	腰痛，腰部腰，腰だめ，物腰	　
様（樣）	ヨウ　さま	様式，様子，模様様，○○様	　
瘍	ヨウ	潰瘍，腫瘍	　
踊	ヨウ　おどる　おどり	舞踊踊る踊り	⇔躍る
窯	ヨウ　かま	窯業窯	　
養	ヨウ　やしなう	養育，養子，休養養う	　
擁	ヨウ	擁護，擁立，抱擁	　
謡（謠）	ヨウ　うたい　うたう	謡曲，民謡，歌謡謡，素謡謡う	⇔歌う
曜	ヨウ	曜日，七曜表，日曜	　
抑	ヨク　おさえる	抑圧，抑制，抑揚抑える，抑え	⇔押さえる
沃	ヨク	肥沃	　
浴	ヨク　あびる　あびせる	浴場，海水浴浴びる，水浴び浴びせる	浴衣（ゆかた）
欲	ヨク　ほっする　ほしい	欲望，食欲，無欲欲する欲しい，欲しがる	　
翌	ヨク	翌春，翌年，翌々日	　
翼	ヨク　つばさ	左翼，尾翼翼	　
拉	ラ	拉致	　
裸	ラ　はだか	裸身，裸体，赤裸々裸，丸裸	　
羅	ラ	羅列，羅針盤，網羅	　
来（來）	ライ　くる　きたる　きたす	来年，来歴，往来来る，出来心来る○日来す	　
雷	ライ　かみなり	雷雨，雷名，魚雷雷	　
頼（賴）	ライ　たのむ　たのもしい　たよる	依頼，信頼，無頼漢頼む，頼み頼もしい頼る，頼り	　
絡	ラク　からむ　からまる　からめる	連絡，脈絡絡む，絡み付く絡まる絡める	　
落	ラク　おちる　おとす	落語，落涙，集落落ちる，落ち着く落とす，力落とし	　
酪	ラク	酪農	　
辣	ラツ	辣腕，辛辣	　
乱（亂）	ラン　みだれる　みだす	乱戦，混乱，反乱乱れる，乱れ乱す	　
卵	ラン　たまご	卵黄，鶏卵，産卵卵	　
覧（覽）	ラン	観覧，展覧，一覧	　
濫	ラン	濫伐，濫費，濫用	　
藍	ラン　あい	出藍藍色，藍染め	　
欄（欄）	ラン	欄干，欄外，空欄	　
吏	リ	吏員，官吏，能吏	　
利	リ　きく	利益，鋭利，勝利利く，左利き，口利き	砂利（じゃり）⇔効く
里	リ　さと	里程，郷里，千里眼里，里心，村里	　
理	リ	理科，理由，整理	　
痢	リ	疫痢，下痢，赤痢	　
裏	リ　うら	裏面，表裏裏，裏口	　
履	リ　はく	履歴，履行，弊履履く，履物	草履（ぞうり）
璃	リ	浄瑠璃	　
離	リ　はなれる　はなす	離別，距離，分離離れる，離れ，乳離れ離す	⇔放れる⇔放す
陸	リク	陸地，陸橋，着陸	　
立	リツ　　リュウ　たつ　たてる	立案，起立，独立建立立つ，立場，夕立立てる，立て札	立ち退く（たちのく）⇔建つ⇔建てる
律	リツ　　リチ	律動，規律，法律律儀	　
慄	リツ	慄然，戦慄	　
略	リャク	略称，計略，侵略	　
柳	リュウ　やなぎ	花柳界，川柳柳，柳腰	　
流	リュウ　　ル　ながれる　ながす	流行，流動，電流流布，流転，流罪流れる，流れ流す，流し	　
留	リュウ　　ル　とめる　とまる	留意，留学，保留留守留める，帯留め留まる，歩留まり	⇔止める，泊める⇔止まる，泊まる
竜（龍）	リュウ　たつ	竜，竜頭蛇尾竜巻	　
粒	リュウ　つぶ	粒子，粒々辛苦粒，豆粒	　
隆（隆）	リュウ	隆起，隆盛，興隆	　
硫	リュウ	硫安，硫酸，硫化銀	硫黄（いおう）
侶	リョ	僧侶，伴侶	　
旅	リョ　たび	旅行，旅情，旅券旅，旅先，船旅	　
虜（虜）	リョ	虜囚，捕虜	　
慮	リョ	遠慮，考慮，無慮	　
了	リョウ	了解，完了，校了	　
両（兩）	リョウ	両親，両立，千両	　
良	リョウ　　よい	良好，良心，優良良い	野良（のら）奈良（なら）県⇔善い
料	リョウ	料金，料理，材料	　
涼	リョウ　すずしい　すずむ	涼味，清涼剤，納涼涼しい，涼しさ涼む，夕涼み	　
猟（獵）	リョウ	猟師，狩猟，渉猟	　
陵	リョウ　みささぎ	陵墓，丘陵陵	　
量	リョウ　はかる	量産，測量，度量量る	⇔計る，測る，図る，謀る
僚	リョウ	僚友，官僚，同僚	　
領	リョウ	領土，要領，大統領	　
寮	リョウ	寮生，寮母，独身寮	　
療	リョウ	療養，医療，治療	　
瞭	リョウ	明瞭	　
糧	リョウ　　ロウ　かて	糧食，糧道兵糧糧	　
力	リョク　リキ　ちから	権力，努力，能力力量，力作，馬力力，力仕事，底力	　
緑（綠）	リョク　　ロク　みどり	緑茶，緑陰，新緑緑青緑，薄緑	　
林	リン　はやし	林業，林立，山林林，松林	　
厘	リン	一分一厘	　
倫	リン	倫理，人倫，絶倫	　
輪	リン　わ	輪番，一輪，車輪輪，輪切り，首輪	　
隣	リン　となる　となり	隣室，隣接，近隣隣り合う隣，両隣	　
臨	リン　のぞむ	臨時，臨床，君臨臨む	　
瑠	ル	浄瑠璃	　
涙（淚）	ルイ　なみだ	感涙，声涙，落涙涙，涙ぐむ，涙ぐましい	　
累	ルイ	累計，累積，係累	　
塁（壘）	ルイ	塁審，敵塁，土塁	　
類（類）	ルイ　たぐい	類型，種類，分類類い，○○の類い	　
令	レイ	令嬢，法令，命令	　
礼（禮）	レイ　ライ	礼儀，謝礼，無礼礼賛，礼拝	「礼拝」は，「レイハイ」とも。
冷	レイ　つめたい　ひえる　ひや　ひやす　ひやかす　さめる　さます	冷却，冷淡，寒冷冷たい，冷たさ冷える，底冷え冷や，冷や汗，冷ややかだ冷やす冷やかす，冷やかし冷める冷ます，湯冷まし	　
励（勵）	レイ　はげむ　はげます	励行，奨励，精励励む，励み励ます，励まし	　
戻（戾）	レイ　もどす　もどる	戻入，返戻戻す，差し戻し戻る，後戻り	　
例	レイ　たとえる	例外，例年，用例例える，例え，例えば	　
鈴	レイ　リン　すず	電鈴，振鈴，予鈴風鈴，呼び鈴鈴	　
零	レイ	零下，零細，零落	　
霊（靈）	レイ　リョウ　たま	霊感，霊魂，霊長類悪霊，死霊霊，霊屋	　
隷	レイ	隷書，隷属，奴隷	　
齢（齡）	レイ	樹齢，年齢，妙齢	　
麗	レイ　うるわしい	麗人，端麗，美麗麗しい，麗しさ	　
暦（曆）	レキ　こよみ	暦年，還暦，太陽暦暦，花暦	　
歴（歷）	レキ	歴史，歴訪，経歴	　
列	レツ	列外，列車，陳列	　
劣	レツ　おとる	劣等，卑劣，優劣劣る	　
烈	レツ	烈火，壮烈，猛烈	　
裂	レツ　さく　さける	決裂，破裂，分裂裂く，八つ裂き裂ける，裂け目	⇔割く
恋（戀）	レン　こう　こい　こいしい	恋愛，恋慕，失恋恋い慕う，恋い焦がれる恋，初恋，恋する恋しい，恋しがる	　
連	レン　つらなる　つらねる　つれる	連合，連続，関連連なる連ねる連れる，連れ	　
廉	レン	廉価，清廉，破廉恥	　
練（練）	レン　ねる	練習，試練，熟練練る，練り直す	　
錬（鍊）	レン	錬金術，鍛錬，精錬	　
呂	ロ	風呂	　
炉（爐）	ロ	炉辺，暖炉，原子炉	　
賂	ロ	賄賂	　
路	ロ　じ	路上，道路家路，旅路，山路	　
露	ロ　　ロウ　つゆ	露出，露店，雨露披露露，夜露	　
老	ロウ　おいる　ふける	老巧，老人，長老老いる，老い老ける，老け役	老舗（しにせ）
労（勞）	ロウ	労働，労力，疲労	　
弄	ロウ　もてあそぶ	愚弄，翻弄弄ぶ	　
郎（郞）	ロウ	新郎	　
朗（朗）	ロウ　ほがらか	朗読，朗々と，明朗朗らかだ，朗らかさ	　
浪	ロウ	浪費，波浪，放浪	　
廊（廊）	ロウ	廊下，回廊，画廊	　
楼（樓）	ロウ	楼閣，鐘楼，望楼	　
漏	ロウ　もる　もれる　もらす	漏電，疎漏，脱漏漏る，雨漏り漏れる漏らす	　
籠	ロウ　かご　こもる	籠城籠籠もる	　
六	ロク　む　むつ　むっつ　　むい	六月，六法，丈六六月目六つ切り六つ六日	　
録（錄）	ロク	録音，記録，実録	　
麓	ロク　ふもと	山麓麓	　
論	ロン	論証，論理，議論	　
和	ワ　　オ　やわらぐ　やわらげる　なごむ　なごやか	和解，和服，柔和和尚和らぐ和らげる和む和やかだ	日和（ひより）大和（やまと）
話	ワ　はなす　はなし	話題，会話，童話話す，話し合い話，昔話，立ち話	　
賄	ワイ　まかなう	収賄，贈賄賄う，賄い	　
脇	わき	脇腹，両脇	　
惑	ワク　まどう	惑星，迷惑，誘惑惑う，惑い	　
枠	わく	枠，枠内，窓枠	　
湾（灣）	ワン	湾内，湾入，港湾	　
腕	ワン　うで	腕章，腕力，敏腕腕，腕前，細腕	　
